SamID,Bergmann_2025_Age,,Chen_2022_Age,Meter,d13C,d18O,87Sr_86Sr,d13Corg,TOC,d34SCAS,d34Spy,Type,Min,Section,Fm,Mb,CEX,Period,Series,Stage,ConZone,GrapZone,TriZone,SSFZone,ArcZone,OstZone,AmmZone,Country,State,Town,Lat,Long,Ca,Mg,Mg_Ca,Fe,Mn,Sr,Si,Mn_Sr,Source
MD-23,568,,550.9394,,-1.89,-2.06,0.709283,,,,,,DL,medium-certainty,Buah Fm,,slightly altered?,,,,,,,,,,,Oman,,,,,,,,,251,45,,,"Chen et al., 2022;Burns et al. (1994);Cox et al., 2016"
MD-20,,,551.8716,,-0.24,-2.48,0.70883,,,,,,DL,medium-certainty,Buah Fm,,slightly altered?,,,,,,,,,,,Oman,,,,,,,,,215,23,,,"Chen et al., 2022;Burns et al. (1994);Cox et al., 2016"
MD-17,,,552.5352,,-0.01,-3.05,0.708941,,,,,,DL,medium-certainty,Buah Fm,,slightly altered?,,,,,,,,,,,Oman,,,,,,,,,423,57,,,"Chen et al., 2022;Burns et al. (1994);Cox et al., 2016"
MD-14,,,553.2936,,-1.02,-4.16,0.708789,,,,,,DL,medium-certainty,Buah Fm,,slightly altered?,,,,,,,,,,,Oman,,,,,,,,,321,32,,,"Chen et al., 2022;Burns et al. (1994);Cox et al., 2016"
MD-12,,,553.8782,,-1.27,-6.11,0.709135,,,,,,DL,medium-certainty,Buah Fm,,altered,,,,,,,,,,,Oman,,,,,,,,,650,24,,,"Chen et al., 2022;Burns et al. (1994);Cox et al., 2016"
MD-9,,,554.289,,-1.13,-6.88,0.70894,,,,,,DL,medium-certainty,Buah Fm,,altered (Mn/Sr>10),,,,,,,,,,,Oman,,,,,,,,,1040,61,,,"Chen et al., 2022;Burns et al. (1994);Cox et al., 2016"
MD-5,,,554.7156,,-5.04,0.46,0.708626,,,,,,DL,medium-certainty,Buah Fm,,slightly altered?,,,,,,,,,,,Oman,,,,,,,,,1070,52,,,"Chen et al., 2022;Burns et al. (1994);Cox et al., 2016"
MD-2,,,555,,-4.45,-6.07,0.708708,,,,,,CA,medium-certainty,Buah Fm,,"marine, least altered, well age constraints, no pre-leach",,,,,,,,,,,Oman,,,,,,,,,241,471,,,"Chen et al., 2022;Burns et al. (1994);Cox et al., 2016"
WS-9,,,555.0316,,-3.96,-6.7,0.708669,,,,,,CA,medium-certainty,Shuram  Fm,,"marine, least altered, well age constraints, no pre-leach",,,,,,,,,,,Oman,,,,,,,,,303,491,,,"Chen et al., 2022;Burns et al. (1994);Cox et al., 2016"
WS-8,,,555.4266,,-6.14,-6.63,0.708741,,,,,,CA,medium-certainty,Shuram  Fm,,"marine, least altered, well age constraints, no pre-leach",,,,,,,,,,,Oman,,,,,,,,,242,474,,,"Chen et al., 2022;Burns et al. (1994);Cox et al., 2016"
WS-5,,,556.7696,,-7.23,-5.15,0.708788,,,,,,CA,medium-certainty,Shuram  Fm,,"marine, least altered, well age constraints, no pre-leach",,,,,,,,,,,Oman,,,,,,,,,142,327,,,"Chen et al., 2022;Burns et al. (1994);Cox et al., 2016"
WS-2,,,558.9974,,-8.33,-6.93,0.708557,,,,,,CA,medium-certainty,Shuram  Fm,,"marine, least altered, well age constraints, no pre-leach",,,,,,,,,,,Oman,,,,,,,,,211,201,,,"Chen et al., 2022;Burns et al. (1994);Cox et al., 2016"
KA-38,573,,559.8506,,2.95,-4.01,0.708553,,,,,,DL,medium-certainty,Khufai Fm,,altered? （too low Sr),,,,,,,,,,,Oman,,,,,,,,,145,39,,,"Chen et al., 2022;Burns et al. (1994);Cox et al., 2016"
KA-34,,,560.3246,,2.28,-2.81,0.70851,,,,,,DL,medium-certainty,Khufai Fm,,"marine, least altered, well age constraints, no pre-leach",,,,,,,,,,,Oman,,,,,,,,,178,118,,,"Chen et al., 2022;Burns et al. (1994);Cox et al., 2016"
KA-29,,,561.6044,,3.56,-4.2,0.708554,,,,,,DL,medium-certainty,Khufai Fm,,"marine, least altered, well age constraints, no pre-leach",,,,,,,,,,,Oman,,,,,,,,,46,78,,,"Chen et al., 2022;Burns et al. (1994);Cox et al., 2016"
KA-24,,,562.4576,,3.21,-3.68,0.708411,,,,,,DL,medium-certainty,Khufai Fm,,altered? （too low Sr),,,,,,,,,,,Oman,,,,,,,,,92,39,,,"Chen et al., 2022;Burns et al. (1994);Cox et al., 2016"
KA-18,,,563.295,,3.89,-4.18,0.708279,,,,,,DL,medium-certainty,Khufai Fm,,altered? （too low Sr),,,,,,,,,,,Oman,,,,,,,,,120,29,,,"Chen et al., 2022;Burns et al. (1994);Cox et al., 2016"
KA-14,,,563.9586,,4.24,-2.45,0.708047,,,,,,DL,medium-certainty,Khufai Fm,,altered? （too low Sr),,,,,,,,,,,Oman,,,,,,,,,117,31,,,"Chen et al., 2022;Burns et al. (1994);Cox et al., 2016"
KA-12,,,564.2904,,4.82,-5.69,0.708533,,,,,,DL,medium-certainty,Khufai Fm,,slightly altered?,,,,,,,,,,,Oman,,,,,,,,,270,35,,,"Chen et al., 2022;Burns et al. (1994);Cox et al., 2016"
KA-10,,,564.559,,3.49,-5.21,0.708556,,,,,,DL,medium-certainty,Khufai Fm,,slightly altered?,,,,,,,,,,,Oman,,,,,,,,,320,28,,,"Chen et al., 2022;Burns et al. (1994);Cox et al., 2016"
KA-3,,,565.2542,,3.26,-4.23,0.708537,,,,,,DL,medium-certainty,Khufai Fm,,slightly altered?,,,,,,,,,,,Oman,,,,,,,,,710,78,,,"Chen et al., 2022;Burns et al. (1994);Cox et al., 2016"
KA-2,578,,565.2858,,3.7,-4,0.708502,,,,,,DL,medium-certainty,Khufai Fm,,altered? （too low Sr),,,,,,,,,,,Oman,,,,,,,,,317,44,,,"Chen et al., 2022;Burns et al. (1994);Cox et al., 2016"
,,,,,,,,,,,,,,,,,,,,,,,,,,,,,,,,,,,,,,,,,
Kh-322-0 2482.4,,,530,,-0.7,25.5,0.708522,,,,,,CA,medium-certainty,Yuryakh,,"marine facies, well preserved, poor age constrain",,,,,,,,,,,Russia,,,,,,,,491,52,471,,,"Chen et al., 2022;Kochnev et al..2018;Kaufman et al.. 2012;Kochnev et al..2018"
Kh-322-0 2486,,,530.1311408,,1,25.4,0.708592,,,,,,CA,medium-certainty,Yuryakh,,"marine facies, well preserved, poor age constrain",,,,,,,,,,,Russia,,,,,,,,647,43,245,,,"Chen et al., 2022;Kochnev et al..2018;Kaufman et al.. 2012;Kochnev et al..2018"
Kh-322-0 2490,,,530.2768528,,1.2,25.1,0.708502,,,,,,CA,medium-certainty,Yuryakh,,"marine facies, well preserved, poor age constrain",,,,,,,,,,,Russia,,,,,,,,254,35,263,,,"Chen et al., 2022;Kochnev et al..2018;Kaufman et al.. 2012;Kochnev et al..2018"
Kh-322-0 2491.5,,,530.3314948,,1.1,25.3,0.708492,,,,,,CA,medium-certainty,Yuryakh,,"marine facies, well preserved, poor age constrain",,,,,,,,,,,Russia,,,,,,,,549,40,255,,,"Chen et al., 2022;Kochnev et al..2018;Kaufman et al.. 2012;Kochnev et al..2018"
Kh-322-0 2538,,,532.0253968,,0.4,23,0.708492,,,,,,CA,medium-certainty,Kudulakh,,"marine facies, well preserved, poor age constrain",,,,,,,,,,,Russia,,,,,,,,571,94,216,,,"Chen et al., 2022;Kochnev et al..2018;Kaufman et al.. 2012;Kochnev et al..2018"
Kh-322-0 2958,,,547.3251568,,,,0.709182,,,,,,A,low-certainty,Byuk,,altered,,,,,,,,,,,Russia,,,,,,,,,,,,,"Chen et al., 2022;Kochnev et al..2018;Kochnev and Karlova. 2010;Kaufman et al.. 2012"
Kh-322-0 2961,,,547.4344408,,,,0.715452,,,,,,,low-certainty,Byuk,,altered,,,,,,,,,,,Russia,,,,,,,,23526,6954,129,,,"Chen et al., 2022;Kochnev et al..2018;Kochnev and Karlova. 2010;Kaufman et al.. 2012"
Kh-322-0 3013,,,549.3286968,,,,0.708952,,,,,,A,low-certainty,Kharystan,,aluminosilicates,,,,,,,,,,,Russia,,,,,,,,,,,,,"Chen et al., 2022;Kochnev et al..2018;Kochnev and Karlova. 2010;Kaufman et al.. 2012"
B-16,,,550,,4.2,-10.1,0.7098,,,,,,CA,low-certainty,Uluntui Formation，Baikal Group,,altered,,,,,,,,,,,Russia,,,,,,,,280,40,180,,,"Chen et al., 2022;Kuznestov et al., 2013;Kuznestov et al., 2013"
980-100,,,550,,,-19.7,0.70858,,,,,,CA,high-certainty,Tinnaya  Fm (Yudoma Group),,"marine environment, least altered, well age constrian, preleaching, weak acid",,,,,,,,,,,Russia,,,,,,,,,,203,,,"Chen et al., 2022;Gorokhov et al. (1995);see Bartley et al. 2000"
980-100,,,550,,,-19.7,0.70854,,,,,,CA,high-certainty,Tinnaya  Fm (Yudoma Group),,"marine environment, least altered, well age constrian, preleaching, weak acid",,,,,,,,,,,Russia,,,,,,,,,,167,,,"Chen et al., 2022;Gorokhov et al. (1995);see Bartley et al. 2000"
3469,,,550,,,,0.70905,,,,,,DL,low-certainty,Starorechenskiy Fm,,altered,,,,,,,,,,,Russia,,,,,,,,,,57,,,"Chen et al., 2022;Pokrovsky & Vinogradov (1991);"
3470,,,550,,,,0.70839,,,,,,DL,medium-certainty,Starorechenskiy Fm,,"marine, least altered, good age constraints, leaching method?",,,,,,,,,,,Russia,,,,,,,,,,57,,,"Chen et al., 2022;Pokrovsky & Vinogradov (1991);"
3471,,,550,,,,0.70854,,,,,,DL,medium-certainty,Starorechenskiy Fm,,"marine, least altered, good age constraints, leaching method?",,,,,,,,,,,Russia,,,,,,,,,,53,,,"Chen et al., 2022;Pokrovsky & Vinogradov (1991);"
3472,,,550,,,,0.70844,,,,,,DL,medium-certainty,Starorechenskiy Fm,,"marine, least altered, good age constraints, leaching method?",,,,,,,,,,,Russia,,,,,,,,,,56,,,"Chen et al., 2022;Pokrovsky & Vinogradov (1991);"
B-8,,,550.7742,,4.9,-8.9,0.71024,,,,,,DL,low-certainty,Uluntui Formation，Baikal Group,,altered,,,,,,,,,,,Russia,,,,,,,,450,50,105,,,"Chen et al., 2022;Kuznestov et al., 2013;Kuznestov et al., 2013"
6027,,,553,,,,0.70843,,,,,,CA,high-certainty,Ust-Yudoma Formation,,"marine environment, least altered, well age constrian, preleaching, weak acid",,,,,,,,,,,Russia,,,,,,,,,,1190,,,"Chen et al., 2022;Semikhatov et al.,2004;Semikhatov et al.,2003"
6026,,,553,,,,0.70833,,,,,,CA,high-certainty,Ust-Yudoma Formation,,"marine environment, least altered, well age constrian, preleaching, weak acid",,,,,,,,,,,Russia,,,,,,,,,,1660,,,"Chen et al., 2022;Semikhatov et al.,2004;Semikhatov et al.,2003"
6024,,,553,,,,0.70838,,,,,,CA,high-certainty,Ust-Yudoma Formation,,"marine environment, least altered, well age constrian, preleaching, weak acid",,,,,,,,,,,Russia,,,,,,,,,,1490,,,"Chen et al., 2022;Semikhatov et al.,2004;Semikhatov et al.,2003"
6022,,,553,,,,0.70838,,,,,,CA,high-certainty,Ust-Yudoma Formation,,"marine environment, least altered, well age constrian, preleaching, weak acid",,,,,,,,,,,Russia,,,,,,,,,,1950,,,"Chen et al., 2022;Semikhatov et al.,2004;Semikhatov et al.,2003"
6020,,,553,,,,0.7083,,,,,,CA,high-certainty,Ust-Yudoma Formation,,"marine environment, least altered, well age constrian, preleaching, weak acid",,,,,,,,,,,Russia,,,,,,,,,,1290,,,"Chen et al., 2022;Semikhatov et al.,2004;Semikhatov et al.,2003"
6018,,,553,,,,0.70842,,,,,,CA,high-certainty,Ust-Yudoma Formation,,"marine environment, least altered, well age constrian, preleaching, weak acid",,,,,,,,,,,Russia,,,,,,,,,,1380,,,"Chen et al., 2022;Semikhatov et al.,2004;Semikhatov et al.,2003"
6018,,,553,,,,0.70841,,,,,,CA,high-certainty,Ust-Yudoma Formation,,"marine environment, least altered, well age constrian, preleaching, weak acid",,,,,,,,,,,Russia,,,,,,,,,,1420,,,"Chen et al., 2022;Semikhatov et al.,2004;Semikhatov et al.,2003"
B-126,,,554.6452,,4.9,-6.9,0.70867,,,,,,CA,high-certainty,Uluntui Formation，Baikal Group,,"marine environment, least altered, well age constrian, preleaching, weak acid",,,,,,,,,,,Russia,,,,,,,,170,18,1150,,,"Chen et al., 2022;Kuznestov et al., 2013;Kuznestov et al., 2013"
B-122,,,555.8065,,5.3,-6.9,0.7087,,,,,,CA,high-certainty,Uluntui Formation，Baikal Group,,"marine environment, least altered, well age constrian, preleaching, weak acid",,,,,,,,,,,Russia,,,,,,,,260,18,3120,,,"Chen et al., 2022;Kuznestov et al., 2013;Kuznestov et al., 2013"
B-120,,,556.5807,,5.3,-7.2,0.70869,,,,,,CA,high-certainty,Uluntui Formation，Baikal Group,,"marine environment, least altered, well age constrian, preleaching, weak acid",,,,,,,,,,,Russia,,,,,,,,140,18,2720,,,"Chen et al., 2022;Kuznestov et al., 2013;Kuznestov et al., 2013"
166-04,568,,563.8766949,,-7.4,22.7,0.708673,,,,,,CA,low-certainty,Zherbinskaya Formation,,diagenetic altered,,,,,,,,,,,Russia,,,,,,,,919,149,458,,,"Chen et al., 2022;Melezhik et al..2009;cox et al..2016;Melezhik et al..2009"
72-04,,,564.5497651,,-7.8,20.7,0.708233,,,,,,CA,high-certainty,Cnenchinskaya Formation,,"marine environment, least altered, well age constrian, preleaching, weak acid",,,,,,,,,,,Russia,,,,,,,,2950,87,3240,,,"Chen et al., 2022;Melezhik et al..2009;cox et al..2016;Melezhik et al..2009"
74-04,,,564.6633802,,-7.8,20.6,0.708273,,,,,,CA,high-certainty,Cnenchinskaya Formation,,"marine environment, least altered, well age constrian, preleaching, weak acid",,,,,,,,,,,Russia,,,,,,,,2840,67,3560,,,"Chen et al., 2022;Melezhik et al..2009;cox et al..2016;Melezhik et al..2009"
163-04,,,564.7,,-9.2,20.7,0.708633,,,,,,CA,low-certainty,Zherbinskaya Formation,,diagenetic altered,,,,,,,,,,,Russia,,,,,,,,1870,371,606,,,"Chen et al., 2022;Melezhik et al..2009;cox et al..2016;Melezhik et al..2009"
75-04,,,564.7356806,,-8.3,21.1,0.708233,,,,,,CA,high-certainty,Cnenchinskaya Formation,,"marine environment, least altered, well age constrian, preleaching, weak acid",,,,,,,,,,,Russia,,,,,,,,2430,61,6680,,,"Chen et al., 2022;Melezhik et al..2009;cox et al..2016;Melezhik et al..2009"
80-05,,,564.7428589,,-7.2,21.3,0.708643,,,,,,CA,high-certainty,Kholychskaya Formation,,"marine environment, least altered, well age constrian, preleaching, weak acid",,,,,,,,,,,Russia,,,,,,,,757,49,6720,,,"Chen et al., 2022;Melezhik et al..2009;cox et al..2016;Melezhik et al..2009"
77-04,,,564.8492957,,-8.5,21.2,0.708223,,,,,,CA,high-certainty,Cnenchinskaya Formation,,"marine environment, least altered, well age constrian, preleaching, weak acid",,,,,,,,,,,Russia,,,,,,,,2300,75,4460,,,"Chen et al., 2022;Melezhik et al..2009;cox et al..2016;Melezhik et al..2009"
Sep-93,,,565,,-9.6,20.5,0.70812,,,,,,CA,low-certainty,Chencha,,altered,,,,,,,,,,,Russia,,,,,,,,,,285,,,"Chen et al., 2022;Pokrovskii et al..2006;cox et al..2016"
90/05,,,565,,,,0.70803,,,,,,CA,low-certainty,Chencha,,altered,,,,,,,,,,,Russia,,,,,,,,,,680,,,"Chen et al., 2022;Pokrovskii et al..2006;cox et al..2016"
98/05,,,565,,,,0.70798,,,,,,CA,medium-certainty,Chencha,,"marine facies, well preserved, well age constrain, unknown method",,,,,,,,,,,Russia,,,,,,,,,,2898,,,"Chen et al., 2022;Pokrovskii et al..2006;cox et al..2016"
104/05,,,565,,,,0.70786,,,,,,CA,medium-certainty,Chencha,,"marine facies, well preserved, well age constrain, unknown method",,,,,,,,,,,Russia,,,,,,,,,,915,,,"Chen et al., 2022;Pokrovskii et al..2006;cox et al..2016"
2730/90,,,565,,,,0.70823,,,,,,CA,low-certainty,Chencha,,altered,,,,,,,,,,,Russia,,,,,,,,,,590,,,"Chen et al., 2022;Pokrovskii et al..2006;cox et al..2016"
2730/92,,,565,,,,0.70836,,,,,,CA,low-certainty,Chencha,,altered,,,,,,,,,,,Russia,,,,,,,,,,421,,,"Chen et al., 2022;Pokrovskii et al..2006;cox et al..2016"
83-05,,,565.0571445,,-7.3,21.5,0.708493,,,,,,CA,high-certainty,Kholychskaya Formation,,"marine environment, least altered, well age constrian, preleaching, weak acid",,,,,,,,,,,Russia,,,,,,,,1560,92,7530,,,"Chen et al., 2022;Melezhik et al..2009;cox et al..2016;Melezhik et al..2009"
79-04,,,565.1178403,,-8.3,21.3,0.708203,,,,,,CA,high-certainty,Cnenchinskaya Formation,,"marine environment, least altered, well age constrian, preleaching, weak acid",,,,,,,,,,,Russia,,,,,,,,2370,57,4670,,,"Chen et al., 2022;Melezhik et al..2009;cox et al..2016;Melezhik et al..2009"
80-04,,,565.2211267,,-8.4,20.4,0.708213,,,,,,CA,high-certainty,Cnenchinskaya Formation,,"marine environment, least altered, well age constrian, preleaching, weak acid",,,,,,,,,,,Russia,,,,,,,,1060,69,11700,,,"Chen et al., 2022;Melezhik et al..2009;cox et al..2016;Melezhik et al..2009"
81-04,,,565.3760563,,-8.5,21.3,0.708183,,,,,,CA,high-certainty,Cnenchinskaya Formation,,"marine environment, least altered, well age constrian, preleaching, weak acid",,,,,,,,,,,Russia,,,,,,,,1900,85,4330,,,"Chen et al., 2022;Melezhik et al..2009;cox et al..2016;Melezhik et al..2009"
157-04,,,565.4381356,,-9.2,22.3,0.708563,,,,,,CA,low-certainty,Cnenchinskaya Formation,,diagenetic altered,,,,,,,,,,,Russia,,,,,,,,1510,349,1000,,,"Chen et al., 2022;Melezhik et al..2009;cox et al..2016;Melezhik et al..2009"
B-60,,,565.484,,4.7,-7.4,0.70872,,,,,,CA,low-certainty,Uluntui Formation，Baikal Group,,"marine environment, least altered, well age constrian, preleaching, weak acid",,,,,,,,,,,Russia,,,,,,,,240,18,1840,,,"Chen et al., 2022;Kuznestov et al., 2013;Kuznestov et al., 2013"
82-04,,,565.5,,-9.2,19.9,0.708203,,,,,,CA,high-certainty,Cnenchinskaya Formation,,"marine environment, least altered, well age constrian, preleaching, weak acid",,,,,,,,,,,Russia,,,,,,,,2130,65,3510,,,"Chen et al., 2022;Melezhik et al..2009;cox et al..2016;Melezhik et al..2009"
156-04,,,565.6409201,,-7.3,22.9,0.708413,,,,,,CA,high-certainty,Cnenchinskaya Formation,,"marine environment, least altered, well age constrian, preleaching, weak acid",,,,,,,,,,,Russia,,,,,,,,1030,99,1800,,,"Chen et al., 2022;Melezhik et al..2009;cox et al..2016;Melezhik et al..2009"
83-04,,,565.6755869,,-8.8,21.3,0.708183,,,,,,CA,high-certainty,Cnenchinskaya Formation,,"marine environment, least altered, well age constrian, preleaching, weak acid",,,,,,,,,,,Russia,,,,,,,,1710,98,2520,,,"Chen et al., 2022;Melezhik et al..2009;cox et al..2016;Melezhik et al..2009"
153-04,,,566.7562348,,-7,22.4,0.708253,,,,,,CA,high-certainty,Cnenchinskaya Formation,,"marine environment, least altered, well age constrian, preleaching, weak acid",,,,,,,,,,,Russia,,,,,,,,1360,72,1420,,,"Chen et al., 2022;Melezhik et al..2009;cox et al..2016;Melezhik et al..2009"
110-03,,,567.3,,-8.9,23.8,0.708273,,,,,,CA,high-certainty,Torginskaya Formation,,"marine environment, least altered, well age constrian, preleaching, weak acid",,,,,,,,,,,Russia,,,,,,,,216,34,858,,,"Chen et al., 2022;Melezhik et al..2009;cox et al..2016;Melezhik et al..2009"
145-04,,,567.6789043,,-8,21.4,0.708383,,,,,,CA,high-certainty,Cnenchinskaya Formation,,"marine environment, least altered, well age constrian, preleaching, weak acid",,,,,,,,,,,Russia,,,,,,,,2600,109,2100,,,"Chen et al., 2022;Melezhik et al..2009;cox et al..2016;Melezhik et al..2009"
89-04,,,567.7000003,,-9.3,20.7,0.708103,,,,,,CA,high-certainty,Cnenchinskaya Formation,,"marine environment, least altered, well age constrian, preleaching, weak acid",,,,,,,,,,,Russia,,,,,,,,1850,162,3120,,,"Chen et al., 2022;Melezhik et al..2009;cox et al..2016;Melezhik et al..2009"
116-03,,,567.8058064,,-8.8,22.4,0.708263,,,,,,CA,low-certainty,Torginskaya Formation,,diagenetic altered,,,,,,,,,,,Russia,,,,,,,,287,47,486,,,"Chen et al., 2022;Melezhik et al..2009;cox et al..2016;Melezhik et al..2009"
90-05,,,568.1714293,,-8.1,20.8,0.708483,,,,,,CA,high-certainty,Alyanchskaya Formation,,"marine environment, least altered, well age constrian, preleaching, weak acid",,,,,,,,,,,Russia,,,,,,,,1230,83,4560,,,"Chen et al., 2022;Melezhik et al..2009;cox et al..2016;Melezhik et al..2009"
B-55,,,568.34854,,4.1,-5.5,0.70922,,,,,,DL,low-certainty,Uluntui Formation，Baikal Group,,altered,,,,,,,,,,,Russia,,,,,,,,190,18,195,,,"Chen et al., 2022;Kuznestov et al., 2013;Kuznestov et al., 2013"
94-04,,,568.3713619,,-9.4,20.1,0.708063,,,,,,CA,high-certainty,Cnenchinskaya Formation,,"marine environment, least altered, well age constrian, preleaching, weak acid",,,,,,,,,,,Russia,,,,,,,,1200,83,6950,,,"Chen et al., 2022;Melezhik et al..2009;cox et al..2016;Melezhik et al..2009"
91-05,,,568.3857149,,-8,21.2,0.708383,,,,,,CA,high-certainty,Alyanchskaya Formation,,"marine environment, least altered, well age constrian, preleaching, weak acid",,,,,,,,,,,Russia,,,,,,,,2330,64,25300,,,"Chen et al., 2022;Melezhik et al..2009;cox et al..2016;Melezhik et al..2009"
95-04,,,568.5262915,,-9.3,19.5,0.708063,,,,,,CA,high-certainty,Cnenchinskaya Formation,,"marine environment, least altered, well age constrian, preleaching, weak acid",,,,,,,,,,,Russia,,,,,,,,1090,66,1510,,,"Chen et al., 2022;Melezhik et al..2009;cox et al..2016;Melezhik et al..2009"
SM-225-0 3541.3,,,568.5736092,,-2.8,24.8,0.708482,,,,,,CA,medium-certainty,Uspun,,"marine facies, well preserved, poor age constrain",,,,,,,,,,,Russia,,,,,,,,1177,101,129,,,"Chen et al., 2022;Kochnev et al..2018;Kochnev and Karlova. 2010;Kaufman et al.. 2012"
96-04,,,568.7328643,,-9.2,19.7,0.708053,,,,,,CA,high-certainty,Cnenchinskaya Formation,,"marine environment, least altered, well age constrian, preleaching, weak acid",,,,,,,,,,,Russia,,,,,,,,1220,91,3590,,,"Chen et al., 2022;Melezhik et al..2009;cox et al..2016;Melezhik et al..2009"
081-03,,,569.1064515,,-8.1,23.5,0.708613,,,,,,CA,low-certainty,Torginskaya Formation,,diagenetic altered,,,,,,,,,,,Russia,,,,,,,,143,26,318,,,"Chen et al., 2022;Melezhik et al..2009;cox et al..2016;Melezhik et al..2009"
084-03,,,569.4677418,,-8.6,23.4,0.708313,,,,,,CA,low-certainty,Torginskaya Formation,,diagenetic altered,,,,,,,,,,,Russia,,,,,,,,117,20,307,,,"Chen et al., 2022;Melezhik et al..2009;cox et al..2016;Melezhik et al..2009"
105-03,,,569.66043,,-9.4,22.9,0.708313,,,,,,CA,low-certainty,Torginskaya Formation,,diagenetic altered,,,,,,,,,,,Russia,,,,,,,,182,26,300,,,"Chen et al., 2022;Melezhik et al..2009;cox et al..2016;Melezhik et al..2009"
085-03,,,569.8531181,,-9.5,22.8,0.708293,,,,,,CA,low-certainty,Torginskaya Formation,,diagenetic altered,,,,,,,,,,,Russia,,,,,,,,105,16,365,,,"Chen et al., 2022;Melezhik et al..2009;cox et al..2016;Melezhik et al..2009"
5-Oct,,,570,,-12.5,18.6,0.70829,,,,,,CA,medium-certainty,Nikol’skoe,,"marine facies, well preserved, well age constrain, unknown method",,,,,,,,,,,Russia,,,,,,,,,,250,,,"Chen et al., 2022;Pokrovskii et al..2006;cox et al..2016"
22/05,,,570,,-13.3,18.5,0.7079,,,,,,CA,medium-certainty,Nikol’skoe,,"marine facies, well preserved, well age constrain, unknown method",,,,,,,,,,,Russia,,,,,,,,,,345,,,"Chen et al., 2022;Pokrovskii et al..2006;cox et al..2016"
25/05,,,570,,-13.5,17.4,0.70801,,,,,,CA,low-certainty,Nikol’skoe,,altered,,,,,,,,,,,Russia,,,,,,,,,,319,,,"Chen et al., 2022;Pokrovskii et al..2006;cox et al..2016"
110/03,,,570,,,,0.70799,,,,,,CA,low-certainty,Torgo,,"marine facies, well preserved, well age constrain, unknown method",,,,,,,,,,,Russia,,,,,,,,,,810,,,"Chen et al., 2022;Pokrovskii et al..2006;cox et al..2016"
116/03,,,570,,-8.8,22.5,0.7081,,,,,,CA,low-certainty,Torgo,,altered,,,,,,,,,,,Russia,,,,,,,,287,47,382,,,"Chen et al., 2022;Pokrovskii et al..2006;cox et al..2016"
99/03,,,570,,-8.9,23.5,0.70832,,,,,,CA,low-certainty,Torgo,,altered,,,,,,,,,,,Russia,,,,,,,,240,30,299,,,"Chen et al., 2022;Pokrovskii et al..2006;cox et al..2016"
89/03,,,570,,,,0.70832,,,,,,CA,low-certainty,Torgo,,"marine facies, well preserved, well age constrain, unknown method",,,,,,,,,,,Russia,,,,,,,,,,812,,,"Chen et al., 2022;Pokrovskii et al..2006;cox et al..2016"
1G/348,,,570,,,,0.71034,,,,,,DL,low-certainty,Torgo 3,,altered,,,,,,,,,,,Russia,,,,,,,,,,29,,,"Chen et al., 2022;Pokrovskii et al..2006;cox et al..2016"
1G/384,,,570,,,,0.70836,,,,,,DL,low-certainty,Torgo 3,,altered,,,,,,,,,,,Russia,,,,,,,,,,17,,,"Chen et al., 2022;Pokrovskii et al..2006;cox et al..2016"
1G/406,,,570,,,,0.71055,,,,,,CA,low-certainty,Torgo 3,,altered,,,,,,,,,,,Russia,,,,,,,,,,281,,,"Chen et al., 2022;Pokrovskii et al..2006;cox et al..2016"
1G/445,,,570,,,,0.7086,,,,,,CA,low-certainty,Torgo 2,,altered,,,,,,,,,,,Russia,,,,,,,,,,381,,,"Chen et al., 2022;Pokrovskii et al..2006;cox et al..2016"
1G/636,,,570,,,,0.70975,,,,,,DL,low-certainty,Alekseev,,altered,,,,,,,,,,,Russia,,,,,,,,,,96,,,"Chen et al., 2022;Pokrovskii et al..2006;cox et al..2016"
1G/672,,,570,,,,0.71432,,,,,,DL,low-certainty,Alekseev,,altered,,,,,,,,,,,Russia,,,,,,,,,,819,,,"Chen et al., 2022;Pokrovskii et al..2006;cox et al..2016"
1G/684,,,570,,,,0.71103,,,,,,DL,low-certainty,Alekseev,,altered,,,,,,,,,,,Russia,,,,,,,,,,96,,,"Chen et al., 2022;Pokrovskii et al..2006;cox et al..2016"
100-04,,,570.2821603,,-9.9,19.4,0.708043,,,,,,CA,high-certainty,Nikol'skaya Formation,,"marine environment, least altered, well age constrian, preleaching, weak acid",,,,,,,,,,,Russia,,,,,,,,1500,191,2110,,,"Chen et al., 2022;Melezhik et al..2009;cox et al..2016;Melezhik et al..2009"
98-05,,,570.2857144,,-8.9,21,0.708213,,,,,,CA,high-certainty,Alyanchskaya Formation,,"marine environment, least altered, well age constrian, preleaching, weak acid",,,,,,,,,,,Russia,,,,,,,,1700,63,2070,,,"Chen et al., 2022;Melezhik et al..2009;cox et al..2016;Melezhik et al..2009"
089-03,,,570.2866665,,-9,23.8,0.708223,,,,,,CA,low-certainty,Torginskaya Formation,,diagenetic altered,,,,,,,,,,,Russia,,,,,,,,175,32,767,,,"Chen et al., 2022;Melezhik et al..2009;cox et al..2016;Melezhik et al..2009"
100-05,,,570.5,,-9,20.3,0.708213,,,,,,CA,high-certainty,Alyanchskaya Formation,,"marine environment, least altered, well age constrian, preleaching, weak acid",,,,,,,,,,,Russia,,,,,,,,1470,57,6140,,,"Chen et al., 2022;Melezhik et al..2009;cox et al..2016;Melezhik et al..2009"
101-05,,,570.6,,-8.6,20.8,0.708203,,,,,,CA,high-certainty,Alyanchskaya Formation,,"marine environment, least altered, well age constrian, preleaching, weak acid",,,,,,,,,,,Russia,,,,,,,,1010,35,4360,,,"Chen et al., 2022;Melezhik et al..2009;cox et al..2016;Melezhik et al..2009"
104-05,,,571.0999998,,-9.3,20.5,0.708153,,,,,,CA,high-certainty,Nikol'skaya Formation,,"marine environment, least altered, well age constrian, preleaching, weak acid",,,,,,,,,,,Russia,,,,,,,,878,49,769,,,"Chen et al., 2022;Melezhik et al..2009;cox et al..2016;Melezhik et al..2009"
094-03,,,571.1296772,,-10,22.4,0.708243,,,,,,CA,low-certainty,Torginskaya Formation,,diagenetic altered,,,,,,,,,,,Russia,,,,,,,,282,17,253,,,"Chen et al., 2022;Melezhik et al..2009;cox et al..2016;Melezhik et al..2009"
141-04,,,571.3999999,,-8.9,21,0.708393,,,,,,CA,high-certainty,Cnenchinskaya Formation,,"marine environment, least altered, well age constrian, preleaching, weak acid",,,,,,,,,,,Russia,,,,,,,,1070,70,2360,,,"Chen et al., 2022;Melezhik et al..2009;cox et al..2016;Melezhik et al..2009"
B-49,,,572.10341,,4,-6.5,0.70965,,,,,,DL,low-certainty,Uluntui Formation，Baikal Group,,altered,,,,,,,,,,,Russia,,,,,,,,790,60,130,,,"Chen et al., 2022;Kuznestov et al., 2013;Kuznestov et al., 2013"
062-03,,,572.8999997,,-9.5,23.5,0.708363,,,,,,CA,low-certainty,Torginskaya Formation,,diagenetic altered,,,,,,,,,,,Russia,,,,,,,,117,15,394,,,"Chen et al., 2022;Melezhik et al..2009;cox et al..2016;Melezhik et al..2009"
063-03,,,572.9722577,,-9.2,23.1,0.708243,,,,,,CA,low-certainty,Torginskaya Formation,,diagenetic altered,,,,,,,,,,,Russia,,,,,,,,91,15,320,,,"Chen et al., 2022;Melezhik et al..2009;cox et al..2016;Melezhik et al..2009"
064-03,,,573.0445158,,-9.1,21.4,0.708223,,,,,,CA,low-certainty,Torginskaya Formation,,diagenetic altered,,,,,,,,,,,Russia,,,,,,,,322,17,429,,,"Chen et al., 2022;Melezhik et al..2009;cox et al..2016;Melezhik et al..2009"
123-05,,,573.5571419,,-9.7,20.9,0.708093,,,,,,CA,high-certainty,Nikol'skaya Formation,,"marine environment, least altered, well age constrian, preleaching, weak acid",,,,,,,,,,,Russia,,,,,,,,1640,53,18000,,,"Chen et al., 2022;Melezhik et al..2009;cox et al..2016;Melezhik et al..2009"
114-05,,,574.7571416,,-10.3,20.3,0.708133,,,,,,CA,high-certainty,Nikol'skaya Formation,,"marine environment, least altered, well age constrian, preleaching, weak acid",,,,,,,,,,,Russia,,,,,,,,2340,218,2650,,,"Chen et al., 2022;Melezhik et al..2009;cox et al..2016;Melezhik et al..2009"
2730/17,,,575,,,,0.71031,,,,,,DL,low-certainty,Kalancha,,altered,,,,,,,,,,,Russia,,,,,,,,,,52,,,"Chen et al., 2022;Pokrovskii et al..2006;cox et al..2016"
2730/17,,,575,,,,0.71055,,,,,,DL,low-certainty,Kalancha,,altered,,,,,,,,,,,Russia,,,,,,,,,,60,,,"Chen et al., 2022;Pokrovskii et al..2006;cox et al..2016"
40/03,,,575,,3.9,21.9,0.7099,,,,,,DL,low-certainty,Sen,,altered,,,,,,,,,,,Russia,,,,,,,,138,104,47,,,"Chen et al., 2022;Pokrovskii et al..2006;cox et al..2016"
B-43,,,575.1615,,5.2,-7.9,0.70863,,,,,,CA,low-certainty,Uluntui Formation，Baikal Group,,"marine environment, least altered, well age constrian, preleaching, weak acid",,,,,,,,,,,Russia,,,,,,,,270,30,2310,,,"Chen et al., 2022;Kuznestov et al., 2013;Kuznestov et al., 2013"
073-03,,,575.6578489,,-9.5,22,0.708323,,,,,,CA,low-certainty,Torginskaya Formation,,diagenetic altered,,,,,,,,,,,Russia,,,,,,,,242,22,309,,,"Chen et al., 2022;Melezhik et al..2009;cox et al..2016;Melezhik et al..2009"
B-42,,,575.74215,,5.6,-6.3,0.7084,,,,,,CA,low-certainty,Uluntui Formation，Baikal Group,,"marine environment, least altered, well age constrian, preleaching, weak acid",,,,,,,,,,,Russia,,,,,,,,280,40,3240,,,"Chen et al., 2022;Kuznestov et al., 2013;Kuznestov et al., 2013"
075-03,,,575.8987091,,-9.7,21.8,0.708423,,,,,,CA,low-certainty,Torginskaya Formation,,diagenetic altered,,,,,,,,,,,Russia,,,,,,,,148,29,309,,,"Chen et al., 2022;Melezhik et al..2009;cox et al..2016;Melezhik et al..2009"
B137c,,,576.12925,,2.7,-12.6,0.71182,,,,,,CA,low-certainty,Uluntui Formation，Baikal Group,,altered,,,,,,,,,,,Russia,,,,,,,,1670,90,116,,,"Chen et al., 2022;Kuznestov et al., 2013;Kuznestov et al., 2013"
135-04,573,,576.2668279,,-9.7,21.4,0.708133,,,,,,CA,high-certainty,Cnenchinskaya Formation,,"marine environment, least altered, well age constrian, preleaching, weak acid",,,,,,,,,,,Russia,,,,,,,,1250,43,940,,,"Chen et al., 2022;Melezhik et al..2009;cox et al..2016;Melezhik et al..2009"
B-136,,,576.40022,,4,-8.4,0.71298,,,,,,DL,low-certainty,Uluntui Formation，Baikal Group,,altered,,,,,,,,,,,Russia,,,,,,,,525,18,160,,,"Chen et al., 2022;Kuznestov et al., 2013;Kuznestov et al., 2013"
B-134,,,577.52281,,5.3,-6.6,0.70867,,,,,,CA,high-certainty,Uluntui Formation，Baikal Group,,"marine environment, least altered, well age constrian, preleaching, weak acid",,,,,,,,,,,Russia,,,,,,,,410,50,2110,,,"Chen et al., 2022;Kuznestov et al., 2013;Kuznestov et al., 2013"
B-39,,,577.90991,,5.6,-5.9,0.70866,,,,,,CA,high-certainty,Uluntui Formation，Baikal Group,,"marine environment, least altered, well age constrian, preleaching, weak acid",,,,,,,,,,,Russia,,,,,,,,230,20,2590,,,"Chen et al., 2022;Kuznestov et al., 2013;Kuznestov et al., 2013"
B-35,,,578.6454,,5.7,-6.6,0.70863,,,,,,CA,high-certainty,Uluntui Formation，Baikal Group,,"marine environment, least altered, well age constrian, preleaching, weak acid",,,,,,,,,,,Russia,,,,,,,,650,40,3090,,,"Chen et al., 2022;Kuznestov et al., 2013;Kuznestov et al., 2013"
B-76,,,579.49702,,2.8,-9.7,0.71481,,,,,,DL,low-certainty,Uluntui Formation，Baikal Group,,altered,,,,,,,,,,,Russia,,,,,,,,2990,550,80,,,"Chen et al., 2022;Kuznestov et al., 2013;Kuznestov et al., 2013"
B-72,,,579.69057,,-2.6,-7.2,0.71143,,,,,,DL,low-certainty,Uluntui Formation，Baikal Group,,altered,,,,,,,,,,,Russia,,,,,,,,420,70,53,,,"Chen et al., 2022;Kuznestov et al., 2013;Kuznestov et al., 2013"
B-131,,,579.72928,,2.9,-8.6,0.7118,,,,,,DL,low-certainty,Uluntui Formation，Baikal Group,,altered,,,,,,,,,,,Russia,,,,,,,,260,12,155,,,"Chen et al., 2022;Kuznestov et al., 2013;Kuznestov et al., 2013"
B-29,,,579.8067,,4.3,-6.9,0.70924,,,,,,CA,low-certainty,Uluntui Formation，Baikal Group,,altered,,,,,,,,,,,Russia,,,,,,,,220,20,370,,,"Chen et al., 2022;Kuznestov et al., 2013;Kuznestov et al., 2013"
B-24,,,580.00025,,4,-7.2,0.70951,,,,,,DL,low-certainty,Uluntui Formation，Baikal Group,,altered,,,,,,,,,,,Russia,,,,,,,,180,20,202,,,"Chen et al., 2022;Kuznestov et al., 2013;Kuznestov et al., 2013"
B-67,,,580.00025,,-2.1,-7,0.71092,,,,,,DL,low-certainty,Uluntui Formation，Baikal Group,,altered,,,,,,,,,,,Russia,,,,,,,,290,80,50,,,"Chen et al., 2022;Kuznestov et al., 2013;Kuznestov et al., 2013"
B-20,,,580.11638,,3.9,-7.4,0.70934,,,,,,DL,low-certainty,Uluntui Formation，Baikal Group,,altered,,,,,,,,,,,Russia,,,,,,,,160,20,353,,,"Chen et al., 2022;Kuznestov et al., 2013;Kuznestov et al., 2013"
M-223-0 3897.5,,,581.5492628,,,,0.708312,,,,,,A,medium-certainty,Yuryakh,,"marine facies, well preserved, poor age constrain",,,,,,,,,,,Russia,,,,,,,,,,,,,"Chen et al., 2022;Kochnev et al..2018;Kaufman et al.. 2012;Kochnev et al..2018"
,,,,,,,,,,,,,,,,,,,,,,,,,,,,,,,,,,,,,,,,,
VN-14/1,551,,565,2291,1.9,-5.9,0.708166,,,,,,CA,medium-certainty,Sukhaya Rechka Formation,,"marine facies, well preserved, poor age constrain, dissolve in HCL",,,,,,,,,,,Russia (Siberia),,,,,,,,3660,310,1920,,,"Chen et al., 2022;Kochnev et al., 2019;Kochnev et al., 2019"
VN-14/3,,,565,2193,1.9,-5.9,0.708206,,,,,,CA,medium-certainty,Sukhaya Rechka Formation,,"marine facies, well preserved, poor age constrain, dissolve in HCL",,,,,,,,,,,Russia (Siberia),,,,,,,,4870,375,2135,,,"Chen et al., 2022;Kochnev et al., 2019;Kochnev et al., 2019"
VN-14/5,,,565,2139,1.7,-7.3,0.708236,,,,,,CA,medium-certainty,Sukhaya Rechka Formation,,"marine facies, well preserved, poor age constrain, dissolve in HCL",,,,,,,,,,,Russia (Siberia),,,,,,,,4720,505,1564,,,"Chen et al., 2022;Kochnev et al., 2019;Kochnev et al., 2019"
VN-14/11,,,565,1983,1.6,-5.3,0.708226,,,,,,CA,medium-certainty,Sukhaya Rechka Formation,,"marine facies, well preserved, poor age constrain, dissolve in HCL",,,,,,,,,,,Russia (Siberia),,,,,,,,5950,560,2482,,,"Chen et al., 2022;Kochnev et al., 2019;Kochnev et al., 2019"
VN-14/13,,,565,1905,1.7,-4.8,0.708146,,,,,,CA,medium-certainty,Sukhaya Rechka Formation,,"marine facies, well preserved, poor age constrain, dissolve in HCL",,,,,,,,,,,Russia (Siberia),,,,,,,,1590,330,2656,,,"Chen et al., 2022;Kochnev et al., 2019;Kochnev et al., 2019"
VN-14/15,,,565,1851,1.8,-4.9,0.708156,,,,,,CA,medium-certainty,Sukhaya Rechka Formation,,"marine facies, well preserved, poor age constrain, dissolve in HCL",,,,,,,,,,,Russia (Siberia),,,,,,,,2430,135,2790,,,"Chen et al., 2022;Kochnev et al., 2019;Kochnev et al., 2019"
VN-15/2,,,565,1826,1.7,-4.6,0.708186,,,,,,CA,medium-certainty,Sukhaya Rechka Formation,,"marine facies, well preserved, poor age constrain, dissolve in HCL",,,,,,,,,,,Russia (Siberia),,,,,,,,3360,175,2745,,,"Chen et al., 2022;Kochnev et al., 2019;Kochnev et al., 2019"
VN-15/4,,,565,1752,1.8,-5,0.708186,,,,,,CA,medium-certainty,Sukhaya Rechka Formation,,"marine facies, well preserved, poor age constrain, dissolve in HCL",,,,,,,,,,,Russia (Siberia),,,,,,,,3890,290,2798,,,"Chen et al., 2022;Kochnev et al., 2019;Kochnev et al., 2019"
VN-15/6,,,565,1706,1.5,-5,0.708176,,,,,,CA,medium-certainty,Sukhaya Rechka Formation,,"marine facies, well preserved, poor age constrain, dissolve in HCL",,,,,,,,,,,Russia (Siberia),,,,,,,,3540,190,2717,,,"Chen et al., 2022;Kochnev et al., 2019;Kochnev et al., 2019"
VN-15/10,,,565,1633,1.2,-5.2,0.708246,,,,,,CA,medium-certainty,Sukhaya Rechka Formation,,"marine facies, well preserved, poor age constrain, dissolve in HCL",,,,,,,,,,,Russia (Siberia),,,,,,,,4970,185,2480,,,"Chen et al., 2022;Kochnev et al., 2019;Kochnev et al., 2019"
VN-15/12,,,565,1571,1.4,-4.8,0.708176,,,,,,CA,medium-certainty,Sukhaya Rechka Formation,,"marine facies, well preserved, poor age constrain, dissolve in HCL",,,,,,,,,,,Russia (Siberia),,,,,,,,1250,78,2390,,,"Chen et al., 2022;Kochnev et al., 2019;Kochnev et al., 2019"
VN-15/18,,,565,1423,1.7,-5,0.708206,,,,,,CA,medium-certainty,Sukhaya Rechka Formation,,"marine facies, well preserved, poor age constrain, dissolve in HCL",,,,,,,,,,,Russia (Siberia),,,,,,,,2880,355,2079,,,"Chen et al., 2022;Kochnev et al., 2019;Kochnev et al., 2019"
VN-15/22,,,565,1337,1.7,-4.9,0.708176,,,,,,CA,medium-certainty,Sukhaya Rechka Formation,,"marine facies, well preserved, poor age constrain, dissolve in HCL",,,,,,,,,,,Russia (Siberia),,,,,,,,2370,215,2421,,,"Chen et al., 2022;Kochnev et al., 2019;Kochnev et al., 2019"
VN-15/26,,,565,1247,1.6,-5.1,0.708206,,,,,,CA,medium-certainty,Sukhaya Rechka Formation,,"marine facies, well preserved, poor age constrain, dissolve in HCL",,,,,,,,,,,Russia (Siberia),,,,,,,,2850,130,2476,,,"Chen et al., 2022;Kochnev et al., 2019;Kochnev et al., 2019"
VN-15/30,,,565,1155,2,-4.9,0.708166,,,,,,CA,medium-certainty,Sukhaya Rechka Formation,,"marine facies, well preserved, poor age constrain, dissolve in HCL",,,,,,,,,,,Russia (Siberia),,,,,,,,2100,105,2650,,,"Chen et al., 2022;Kochnev et al., 2019;Kochnev et al., 2019"
VN-15/34,,,565,1039,1.4,-5.1,0.708206,,,,,,CA,medium-certainty,Sukhaya Rechka Formation,,"marine facies, well preserved, poor age constrain, dissolve in HCL",,,,,,,,,,,Russia (Siberia),,,,,,,,4060,175,2859,,,"Chen et al., 2022;Kochnev et al., 2019;Kochnev et al., 2019"
VN-15/39,,,565,910,1.3,-5.3,0.708226,,,,,,CA,medium-certainty,Sukhaya Rechka Formation,,"marine facies, well preserved, poor age constrain, dissolve in HCL",,,,,,,,,,,Russia (Siberia),,,,,,,,3740,255,2676,,,"Chen et al., 2022;Kochnev et al., 2019;Kochnev et al., 2019"
VN-15/43,,,565,800,1.1,-5.4,0.708246,,,,,,CA,medium-certainty,Sukhaya Rechka Formation,,"marine facies, well preserved, poor age constrain, dissolve in HCL",,,,,,,,,,,Russia (Siberia),,,,,,,,5880,280,2284,,,"Chen et al., 2022;Kochnev et al., 2019;Kochnev et al., 2019"
VN-15/46,,,565,726,1.1,-5,0.708226,,,,,,CA,medium-certainty,Sukhaya Rechka Formation,,"marine facies, well preserved, poor age constrain, dissolve in HCL",,,,,,,,,,,Russia (Siberia),,,,,,,,4000,345,2603,,,"Chen et al., 2022;Kochnev et al., 2019;Kochnev et al., 2019"
VN-15/52,,,565,591,1.2,-6.2,0.708246,,,,,,CA,medium-certainty,Sukhaya Rechka Formation,,"marine facies, well preserved, poor age constrain, dissolve in HCL",,,,,,,,,,,Russia (Siberia),,,,,,,,4700,305,2501,,,"Chen et al., 2022;Kochnev et al., 2019;Kochnev et al., 2019"
VN-15/55,,,565,491,1.4,-5.2,0.708236,,,,,,CA,medium-certainty,Sukhaya Rechka Formation,,"marine facies, well preserved, poor age constrain, dissolve in HCL",,,,,,,,,,,Russia (Siberia),,,,,,,,5960,280,2581,,,"Chen et al., 2022;Kochnev et al., 2019;Kochnev et al., 2019"
VN-15/58,,,565,389,1.7,-5.8,0.708206,,,,,,CA,medium-certainty,Sukhaya Rechka Formation,,"marine facies, well preserved, poor age constrain, dissolve in HCL",,,,,,,,,,,Russia (Siberia),,,,,,,,2370,150,2380,,,"Chen et al., 2022;Kochnev et al., 2019;Kochnev et al., 2019"
VN-15/59,,,565,349,1,-6.2,0.708236,,,,,,CA,medium-certainty,Sukhaya Rechka Formation,,"marine facies, well preserved, poor age constrain, dissolve in HCL",,,,,,,,,,,Russia (Siberia),,,,,,,,3750,230,2229,,,"Chen et al., 2022;Kochnev et al., 2019;Kochnev et al., 2019"
VN-15/61,,,570,297,0.8,-7.1,0.708346,,,,,,CA,medium-certainty,Mutnina Formation,,"marine facies, well preserved, poor age constrain, dissolve in HCL",,,,,,,,,,,Russia (Siberia),,,,,,,,5530,335,1493,,,"Chen et al., 2022;Kochnev et al., 2019;Kochnev et al., 2019"
VN-15/64,,,570,223,0.7,-6,0.708226,,,,,,CA,medium-certainty,Mutnina Formation,,"marine facies, well preserved, poor age constrain, dissolve in HCL",,,,,,,,,,,Russia (Siberia),,,,,,,,6710,353,2060,,,"Chen et al., 2022;Kochnev et al., 2019;Kochnev et al., 2019"
VN-15/69,,,570,123,0.7,-7.3,0.708256,,,,,,CA,medium-certainty,Mutnina Formation,,"marine facies, well preserved, poor age constrain, dissolve in HCL",,,,,,,,,,,Russia (Siberia),,,,,,,,7730,770,2327,,,"Chen et al., 2022;Kochnev et al., 2019;Kochnev et al., 2019"
VN-15/73,560,,570,1,0.3,-8.5,0.708406,,,,,,CA,medium-certainty,Mutnina Formation,,"marine facies, well preserved, poor age constrain, dissolve in HCL",,,,,,,,,,,Russia (Siberia),,,,,,,,6860,725,1679,,,"Chen et al., 2022;Kochnev et al., 2019;Kochnev et al., 2019"
,,,,,,,,,,,,,,,,,,,,,,,,,,,,,,,,,,,,,,,,,
VK-3/24,560,,580,303,-0.6,-4,0.708206,,,,,,CA,medium-certainty,Severnaya Rechka Formation,,"marine facies, well preserved, well age constrain, dissolve in HCL",,,,,,,,,,,Russia (Siberia2),,,,,,,,1093,210,1382,,,"Chen et al., 2022;Kochnev et al., 2019;Kochnev et al., 2019"
VK-3/22,,,580,260,0.3,-5,0.708196,,,,,,CA,medium-certainty,Severnaya Rechka Formation,,"marine facies, well preserved, well age constrain, dissolve in HCL",,,,,,,,,,,Russia (Siberia2),,,,,,,,1996,122,3000,,,"Chen et al., 2022;Kochnev et al., 2019;Kochnev et al., 2019"
VK-3/19,,,580,232,0.5,-5.7,0.708216,,,,,,CA,medium-certainty,Severnaya Rechka Formation,,"marine facies, well preserved, well age constrain, dissolve in HCL",,,,,,,,,,,Russia (Siberia2),,,,,,,,2365,114,3237,,,"Chen et al., 2022;Kochnev et al., 2019;Kochnev et al., 2019"
VK-3/18,,,580,224,-0.1,-5.4,0.708226,,,,,,CA,medium-certainty,Severnaya Rechka Formation,,"marine facies, well preserved, well age constrain, dissolve in HCL",,,,,,,,,,,Russia (Siberia2),,,,,,,,1162,128,1936,,,"Chen et al., 2022;Kochnev et al., 2019;Kochnev et al., 2019"
VK-3/17,,,580,215,-0.2,-4.7,0.708176,,,,,,CA,medium-certainty,Severnaya Rechka Formation,,"marine facies, well preserved, well age constrain, dissolve in HCL",,,,,,,,,,,Russia (Siberia2),,,,,,,,728,153,1880,,,"Chen et al., 2022;Kochnev et al., 2019;Kochnev et al., 2019"
VK-3/16,,,580,202,0.2,-4.6,0.708206,,,,,,CA,medium-certainty,Severnaya Rechka Formation,,"marine facies, well preserved, well age constrain, dissolve in HCL",,,,,,,,,,,Russia (Siberia2),,,,,,,,2435,242,2870,,,"Chen et al., 2022;Kochnev et al., 2019;Kochnev et al., 2019"
VK-3/15,,,580,189,0.2,-5.9,0.708196,,,,,,CA,medium-certainty,Severnaya Rechka Formation,,"marine facies, well preserved, well age constrain, dissolve in HCL",,,,,,,,,,,Russia (Siberia2),,,,,,,,1586,74,3340,,,"Chen et al., 2022;Kochnev et al., 2019;Kochnev et al., 2019"
VK-3/14,,,580,176,0,-5.5,0.708186,,,,,,CA,medium-certainty,Severnaya Rechka Formation,,"marine facies, well preserved, well age constrain, dissolve in HCL",,,,,,,,,,,Russia (Siberia2),,,,,,,,5577,309,3019,,,"Chen et al., 2022;Kochnev et al., 2019;Kochnev et al., 2019"
VK-3/13,,,580,164,0.2,-5.5,0.708196,,,,,,CA,medium-certainty,Severnaya Rechka Formation,,"marine facies, well preserved, well age constrain, dissolve in HCL",,,,,,,,,,,Russia (Siberia2),,,,,,,,3860,202,2760,,,"Chen et al., 2022;Kochnev et al., 2019;Kochnev et al., 2019"
VK-3/12,,,580,151,-0.2,-7.1,0.708146,,,,,,CA,medium-certainty,Severnaya Rechka Formation,,"marine facies, well preserved, well age constrain, dissolve in HCL",,,,,,,,,,,Russia (Siberia2),,,,,,,,5024,638,3450,,,"Chen et al., 2022;Kochnev et al., 2019;Kochnev et al., 2019"
VK-3/10,,,580,104,-0.4,-8.6,0.708156,,,,,,CA,medium-certainty,Severnaya Rechka Formation,,"marine facies, well preserved, well age constrain, dissolve in HCL",,,,,,,,,,,Russia (Siberia2),,,,,,,,158,130,743,,,"Chen et al., 2022;Kochnev et al., 2019;Kochnev et al., 2019"
VK-3/2,565,,580,24,0.7,-4.6,0.708186,,,,,,CA,medium-certainty,Severnaya Rechka Formation,,"marine facies, well preserved, well age constrain, dissolve in HCL",,,,,,,,,,,Russia (Siberia2),,,,,,,,1276,47,4420,,,"Chen et al., 2022;Kochnev et al., 2019;Kochnev et al., 2019"
,,,,,,,,,,,,,,,,,,,,,,,,,,,,,,,,,,,,,,,,,
S111007A-01,,,597.3445204,,5.090640971,-0.913580871,0.707772,,,,,,DL,low-certainty,Doushantuo Member 2,,altered,,,,,,,,,,,South China,,,,,,,,1324,152,383,,,"Chen et al., 2022;Sawaki et al.,2010b;Macdonald et al.,2013"
S109302B-02,,,583.9445044,,-1.019541578,-0.243077048,0.707784,,,,,,DL,low-certainty,Doushantuo Member 3,,altered,,,,,,,,,,,South China,,,,,,,,507,116,183,,,"Chen et al., 2022;Sawaki et al.,2010b;Macdonald et al.,2013"
Yd8,,,591.68291,,7.1,-7.6,0.707905,,,,,,CA,low-certainty,Doushantuo,,altered,,,,,,,,,,,South China,,,,,,,,,,286,,,"Chen et al., 2022;Cui et al.,2015;Macdonald et al.,2013"
Yd14,,,582.17266,,6.2,-7.3,0.707915,,,,,,CA,high-certainty,Doushantuo,,"marine environment, least altered, well age constrian, preleaching, weak acid",,,,,,,,,,,South China,,,,,,,,,,689,,,"Chen et al., 2022;Cui et al.,2015;Macdonald et al.,2013"
Yd9,,,590.16127,,6.7,-7.6,0.707935,,,,,,CA,low-certainty,Doushantuo,,altered,,,,,,,,,,,South China,,,,,,,,,,1353,,,"Chen et al., 2022;Cui et al.,2015;Macdonald et al.,2013"
S111502-02,,,600.3036906,,6.098990629,-2.24104863,0.707939,,,,,,DL,medium-certainty,Doushantuo Member 2,,"marine facies, well preserved, well age constrain, no preleaching",,,,,,,,,,,South China,,,,,,,,2516,152,223,,,"Chen et al., 2022;Sawaki et al.,2010b;Macdonald et al.,2013"
S114523B-02,,,634.736946,,5.073317757,-0.743692258,0.70794,,,,,,DL,medium-certainty,Doushantuo Member 2,,"marine facies, well preserved, well age constrain, no preleaching",,,,,,,,,,,South China,,,,,,,,1285,315,500,,,"Chen et al., 2022;Sawaki et al.,2010b;Macdonald et al.,2013"
Yd19,,,573.80364,,6.7,-7.7,0.707945,,,,,,CA,high-certainty,Doushantuo,,"marine environment, least altered, well age constrian, preleaching, weak acid",,,,,,,,,,,South China,,,,,,,,,,850,,,"Chen et al., 2022;Cui et al.,2015;Macdonald et al.,2013"
Yd17,,,577.60774,,6.9,-7.4,0.707945,,,,,,CA,high-certainty,Doushantuo,,"marine environment, least altered, well age constrian, preleaching, weak acid",,,,,,,,,,,South China,,,,,,,,,,612,,,"Chen et al., 2022;Cui et al.,2015;Macdonald et al.,2013"
Yd16,,,579.50979,,6.9,-6.9,0.707945,,,,,,CA,high-certainty,Doushantuo,,"marine environment, least altered, well age constrian, preleaching, weak acid",,,,,,,,,,,South China,,,,,,,,,,1483,,,"Chen et al., 2022;Cui et al.,2015;Macdonald et al.,2013"
Yd13,,,583.6943,,6.5,-7,0.707965,,,,,,CA,high-certainty,Doushantuo,,"marine environment, least altered, well age constrian, preleaching, weak acid",,,,,,,,,,,South China,,,,,,,,,,697,,,"Chen et al., 2022;Cui et al.,2015;Macdonald et al.,2013"
S113111-01,,,618.5293076,,4.713133486,-0.048398363,0.707982,,,,,,DL,medium-certainty,Doushantuo Member 2,,"marine facies, well preserved, well age constrain, no preleaching",,,,,,,,,,,South China,,,,,,,,1495,116,487,,,"Chen et al., 2022;Sawaki et al.,2010b;Macdonald et al.,2013"
S109301-01,,,583.6414088,,-1.323573613,-1.041727511,0.707988,,,,,,DL,low-certainty,Doushantuo Member 3,,altered,,,,,,,,,,,South China,,,,,,,,402,86,126,,,"Chen et al., 2022;Sawaki et al.,2010b;Macdonald et al.,2013"
Yd18,,,575.70569,,6.9,-7.7,0.707995,,,,,,CA,high-certainty,Doushantuo,,"marine environment, least altered, well age constrian, preleaching, weak acid",,,,,,,,,,,South China,,,,,,,,,,578,,,"Chen et al., 2022;Cui et al.,2015;Macdonald et al.,2013"
Yd15,,,581.03143,,6.4,-6.7,0.707995,,,,,,CA,high-certainty,Doushantuo,,"marine environment, least altered, well age constrian, preleaching, weak acid",,,,,,,,,,,South China,,,,,,,,,,1119,,,"Chen et al., 2022;Cui et al.,2015;Macdonald et al.,2013"
Yd10,,,588.63963,,6.8,-6.6,0.708005,,,,,,CA,high-certainty,Doushantuo,,"marine environment, least altered, well age constrian, preleaching, weak acid",,,,,,,,,,,South China,,,,,,,,,,775,,,"Chen et al., 2022;Cui et al.,2015;Macdonald et al.,2013"
Yd11,,,587.11799,,6.2,-5.6,0.708015,,,,,,DL,high-certainty,Doushantuo,,"marine environment, least altered, well age constrian, preleaching, weak acid",,,,,,,,,,,South China,,,,,,,,,,558,,,"Chen et al., 2022;Cui et al.,2015;Macdonald et al.,2013"
S200602-01,,,631.0758702,,1.44601405,-9.453778195,0.708019,,,,,,CA,low-certainty,Doushantuo Member 2,,altered,,,,,,,,,,,South China,,,,,,,,167,305,296,,,"Chen et al., 2022;Sawaki et al.,2010b;Macdonald et al.,2013"
Yd21,,,570.37995,,3.4,-8.3,0.708025,,,,,,CA,high-certainty,Doushantuo,,"marine environment, least altered, well age constrian, preleaching, weak acid",,,,,,,,,,,South China,,,,,,,,,,831,,,"Chen et al., 2022;Cui et al.,2015;Macdonald et al.,2013"
Yd12,,,585.59635,,6,-5.1,0.708035,,,,,,DL,high-certainty,Doushantuo,,"marine environment, least altered, well age constrian, preleaching, weak acid",,,,,,,,,,,South China,,,,,,,,,,899,,,"Chen et al., 2022;Cui et al.,2015;Macdonald et al.,2013"
S111914-01,,,605.4283991,,3.851222733,-0.267371318,0.70804,,,,,,DL,medium-certainty,Doushantuo Member 2,,"marine facies, well preserved, well age constrain, no preleaching",,,,,,,,,,,South China,,,,,,,,2578,257,430,,,"Chen et al., 2022;Sawaki et al.,2010b;Macdonald et al.,2013"
S109202A-01,,,582.8398007,,3.112052729,-1.381058516,0.708052,,,,,,DL,low-certainty,Doushantuo Member 3,,altered,,,,,,,,,,,South China,,,,,,,,378,93,98,,,"Chen et al., 2022;Sawaki et al.,2010b;Macdonald et al.,2013"
Yd5,,,596.24783,,4.8,-6.3,0.708055,,,,,,DL,low-certainty,Doushantuo,,altered,,,,,,,,,,,South China,,,,,,,,,,394,,,"Chen et al., 2022;Cui et al.,2015;Macdonald et al.,2013"
S113502-01,,,621.8234782,,4.968546957,-0.64162928,0.708062,,,,,,DL,medium-certainty,Doushantuo Member 2,,"marine facies, well preserved, well age constrain, no preleaching",,,,,,,,,,,South China,,,,,,,,1513,119,475,,,"Chen et al., 2022;Sawaki et al.,2010b;Macdonald et al.,2013"
Yd20,,,572.282,,3.8,-8,0.708075,,,,,,CA,high-certainty,Doushantuo,,"marine environment, least altered, well age constrian, preleaching, weak acid",,,,,,,,,,,South China,,,,,,,,,,559,,,"Chen et al., 2022;Cui et al.,2015;Macdonald et al.,2013"
S109108-02,,,582.4050978,,3.8631873,-1.905165699,0.708085,,,,,,DL,low-certainty,Doushantuo Member 3,,altered,,,,,,,,,,,South China,,,,,,,,451,76,120,,,"Chen et al., 2022;Sawaki et al.,2010b;Macdonald et al.,2013"
S113419-01,,,621.496454,,3.312863429,-1.100507024,0.708091,,,,,,DL,medium-certainty,Doushantuo Member 2,,"marine facies, well preserved, well age constrain, no preleaching",,,,,,,,,,,South China,,,,,,,,2109,185,385,,,"Chen et al., 2022;Sawaki et al.,2010b;Macdonald et al.,2013"
Yd6,,,594.72619,,4.7,-6.7,0.708105,,,,,,CA,low-certainty,Doushantuo,,altered,,,,,,,,,,,South China,,,,,,,,,,385,,,"Chen et al., 2022;Cui et al.,2015;Macdonald et al.,2013"
Yd1,,,601.95398,,5.2,-6,0.708105,,,,,,CA,high-certainty,Doushantuo,,"marine environment, least altered, well age constrian, preleaching, weak acid",,,,,,,,,,,South China,,,,,,,,,,681,,,"Chen et al., 2022;Cui et al.,2015;Macdonald et al.,2013"
S112810-01,,,614.4255527,,5.828055557,-0.34988169,0.708109,,,,,,DL,medium-certainty,Doushantuo Member 2,,"marine facies, well preserved, well age constrain, no preleaching",,,,,,,,,,,South China,,,,,,,,2657,153,659,,,"Chen et al., 2022;Sawaki et al.,2010b;Macdonald et al.,2013"
S114212-01,,,631.5025969,,5.964562486,-0.129691769,0.708109,,,,,,DL,medium-certainty,Doushantuo Member 2,,"marine facies, well preserved, well age constrain, no preleaching",,,,,,,,,,,South China,,,,,,,,817,165,645,,,"Chen et al., 2022;Sawaki et al.,2010b;Macdonald et al.,2013"
S112207-01,,,607.37858,,3.744973686,-0.007346005,0.708111,,,,,,DL,medium-certainty,Doushantuo Member 2,,"marine facies, well preserved, well age constrain, no preleaching",,,,,,,,,,,South China,,,,,,,,2494,131,572,,,"Chen et al., 2022;Sawaki et al.,2010b;Macdonald et al.,2013"
12ZL-21.6,,,512.025056,,,,0.708115,,,,,,P,low-certainty,Doushantuo,,altered? and non carbonate,,,,,,,,,,,South China,,,,,,,,,,,,,"Chen et al., 2022;Cui et al.,2015;Macdonald et al.,2013"
Yd24,,,565.81503,,-1.8,-6.8,0.708115,,,,,,CA,high-certainty,Doushantuo,,"marine environment, least altered, well age constrian, preleaching, weak acid",,,,,,,,,,,South China,,,,,,,,,,964,,,"Chen et al., 2022;Cui et al.,2015;Macdonald et al.,2013"
Yd3,,,599.29111,,4.8,-6,0.708115,,,,,,DL,low-certainty,Doushantuo,,altered,,,,,,,,,,,South China,,,,,,,,,,491,,,"Chen et al., 2022;Cui et al.,2015;Macdonald et al.,2013"
S111809-01,,,603.4223848,,2.830354167,-2.435871548,0.708116,,,,,,DL,medium-certainty,Doushantuo Member 2,,"marine facies, well preserved, well age constrain, no preleaching",,,,,,,,,,,South China,,,,,,,,1914,220,369,,,"Chen et al., 2022;Sawaki et al.,2010b;Macdonald et al.,2013"
S112703-01,,,612.9499557,,4.859757171,-0.012700661,0.708119,,,,,,DL,medium-certainty,Doushantuo Member 2,,"marine facies, well preserved, well age constrain, no preleaching",,,,,,,,,,,South China,,,,,,,,1548,233,474,,,"Chen et al., 2022;Sawaki et al.,2010b;Macdonald et al.,2013"
Yd2,,,600.81275,,4.8,-5.8,0.708125,,,,,,CA,high-certainty,Doushantuo,,"marine environment, least altered, well age constrian, preleaching, weak acid",,,,,,,,,,,South China,,,,,,,,,,520,,,"Chen et al., 2022;Cui et al.,2015;Macdonald et al.,2013"
S109611-02,,,586.4530193,,-4.119644338,0.213655228,0.708129,,,,,,DL,medium-certainty,Doushantuo Member 3,,"marine facies, well preserved, well age constrain, no preleaching",,,,,,,,,,,South China,,,,,,,,2019,333,293,,,"Chen et al., 2022;Sawaki et al.,2010b;Macdonald et al.,2013"
S112302-01,,,608.2120929,,2.575033086,0.603246976,0.70814,,,,,,DL,medium-certainty,Doushantuo Member 2,,"marine facies, well preserved, well age constrain, no preleaching",,,,,,,,,,,South China,,,,,,,,1669,169,524,,,"Chen et al., 2022;Sawaki et al.,2010b;Macdonald et al.,2013"
S112810-02,,,614.4574575,,5.294361971,-2.484442059,0.708153,,,,,,DL,medium-certainty,Doushantuo Member 2,,"marine facies, well preserved, well age constrain, no preleaching",,,,,,,,,,,South China,,,,,,,,2206,130,517,,,"Chen et al., 2022;Sawaki et al.,2010b;Macdonald et al.,2013"
S200502A-01,,,631.0000963,,1.001592014,-11.51222413,0.708157,,,,,,CA,low-certainty,Doushantuo Member 2,,altered,,,,,,,,,,,South China,,,,,,,,655,505,736,,,"Chen et al., 2022;Sawaki et al.,2010b;Macdonald et al.,2013"
S110604B-01,,,593.340468,,1.750448086,0.916413187,0.708166,,,,,,DL,low-certainty,Doushantuo Member 2,,altered,,,,,,,,,,,South China,,,,,,,,1003,174,265,,,"Chen et al., 2022;Sawaki et al.,2010b;Macdonald et al.,2013"
S200802-02,,,632.1765858,,-3.978823929,-0.014647808,0.708166,,,,,,DL,low-certainty,Doushantuo Member 2,,altered,,,,,,,,,,,South China,,,,,,,,2074,468,104,,,"Chen et al., 2022;Sawaki et al.,2010b;Macdonald et al.,2013"
S112009C-01,,,606.222031,,4.621944086,-0.221856747,0.708179,,,,,,DL,medium-certainty,Doushantuo Member 2,,"marine facies, well preserved, well age constrain, no preleaching",,,,,,,,,,,South China,,,,,,,,1468,138,434,,,"Chen et al., 2022;Sawaki et al.,2010b;Macdonald et al.,2013"
S201404-01,,,634.378017,,-2.5262114,-5.409522844,0.708184,,,,,,DL,low-certainty,Doushantuo Member 2,,altered,,,,,,,,,,,South China,,,,,,,,4007,14464,436,,,"Chen et al., 2022;Sawaki et al.,2010b;Macdonald et al.,2013"
S113708-01,,,624.4955052,,4.473241614,-0.188430716,0.708189,,,,,,DL,medium-certainty,Doushantuo Member 2,,"marine facies, well preserved, well age constrain, no preleaching",,,,,,,,,,,South China,,,,,,,,1753,208,384,,,"Chen et al., 2022;Sawaki et al.,2010b;Macdonald et al.,2013"
14ZL-5.6,,,505.938496,,,,0.708205,,,,,,P,low-certainty,Doushantuo,,altered? and non carbonate,,,,,,,,,,,South China,,,,,,,,,,,,,"Chen et al., 2022;Cui et al.,2015;Macdonald et al.,2013"
S109511-01,,,585.9146258,,-2.001606144,0.260981728,0.708214,,,,,,DL,low-certainty,Doushantuo Member 3,,altered,,,,,,,,,,,South China,,,,,,,,755,113,115,,,"Chen et al., 2022;Sawaki et al.,2010b;Macdonald et al.,2013"
S112914A-01,,,615.75359,,5.2940848,-0.913094084,0.708242,,,,,,DL,medium-certainty,Doushantuo Member 2,,"marine facies, well preserved, well age constrain, no preleaching",,,,,,,,,,,South China,,,,,,,,1372,124,534,,,"Chen et al., 2022;Sawaki et al.,2010b;Macdonald et al.,2013"
14ZL-6.5,,,506.280865,,,,0.708265,,,,,,P,medium-certainty,Doushantuo,,altered? and non carbonate,,,,,,,,,,,South China,,,,,,,,,,,,,"Chen et al., 2022;Cui et al.,2015;Macdonald et al.,2013"
12ZL-4.5,,,505.520045,,,,0.708275,,,,,,P,medium-certainty,Doushantuo,,altered? and non carbonate,,,,,,,,,,,South China,,,,,,,,,,,,,"Chen et al., 2022;Cui et al.,2015;Macdonald et al.,2013"
14ZL-6.6,,,506.318906,,,,0.708275,,,,,,P,medium-certainty,Doushantuo,,altered? and non carbonate,,,,,,,,,,,South China,,,,,,,,,,,,,"Chen et al., 2022;Cui et al.,2015;Macdonald et al.,2013"
12ZL-7.5,,,506.661275,,,,0.708275,,,,,,P,medium-certainty,Doushantuo,,altered? and non carbonate,,,,,,,,,,,South China,,,,,,,,,,,,,"Chen et al., 2022;Cui et al.,2015;Macdonald et al.,2013"
S200705B-01,,,631.8695021,,-0.9921632,0.243998275,0.708282,,,,,,DL,medium-certainty,Doushantuo Member 2,,altered,,,,,,,,,,,South China,,,,,,,,1766,730,93,,,"Chen et al., 2022;Sawaki et al.,2010b;Macdonald et al.,2013"
S113305-03,,,620.0009165,,-0.934234371,1.083543342,0.708284,,,,,,DL,medium-certainty,Doushantuo Member 2,,"marine facies, well preserved, well age constrain, no preleaching",,,,,,,,,,,South China,,,,,,,,1159,192,249,,,"Chen et al., 2022;Sawaki et al.,2010b;Macdonald et al.,2013"
14ZL-3.5,,,505.139635,,,,0.708285,,,,,,P,medium-certainty,Doushantuo,,altered? and non carbonate,,,,,,,,,,,South China,,,,,,,,,,,,,"Chen et al., 2022;Cui et al.,2015;Macdonald et al.,2013"
S114005A-01,,,628.0010451,,5.865335114,-0.566501842,0.708295,,,,,,DL,medium-certainty,Doushantuo Member 2,,"marine facies, well preserved, well age constrain, no preleaching",,,,,,,,,,,South China,,,,,,,,1331,116,537,,,"Chen et al., 2022;Sawaki et al.,2010b;Macdonald et al.,2013"
S200503-01,,,631.0200368,,1.1894755,-10.96192723,0.70831,,,,,,CA,medium-certainty,Doushantuo Member 2,,altered,,,,,,,,,,,South China,,,,,,,,602,649,1114,,,"Chen et al., 2022;Sawaki et al.,2010b;Macdonald et al.,2013"
Yd22,,,568.85831,,4.6,-6.4,0.708315,,,,,,CA,high-certainty,Doushantuo,,"marine environment, least altered, well age constrian, preleaching, weak acid",,,,,,,,,,,South China,,,,,,,,,,586,,,"Chen et al., 2022;Cui et al.,2015;Macdonald et al.,2013"
14ZL-1.3,,,504.302733,,,,0.708325,,,,,,P,medium-certainty,Doushantuo,,altered? and non carbonate,,,,,,,,,,,South China,,,,,,,,,,,,,"Chen et al., 2022;Cui et al.,2015;Macdonald et al.,2013"
Yd25,,,565.05421,,-2.7,-5.1,0.708355,,,,,,CA,medium-certainty,Doushantuo,,"marine environment, least altered, well age constrian, preleaching, weak acid",,,,,,,,,,,South China,,,,,,,,,,893,,,"Chen et al., 2022;Cui et al.,2015;Macdonald et al.,2013"
S101005-02,,,546.9581465,,4.559150575,-4.127335811,0.708371,,,,,,CA,medium-certainty,Dengying Shibantan,,"marine facies, well preserved, well age constrain, no preleaching",,,,,,,,,,,South China,,,,,,,,37,2,11034,,,"Chen et al., 2022;Sawaki et al.,2010b;Macdonald et al.,2013"
S101207-02,,,547.499416,,4.895601957,-4.111152539,0.70839,,,,,,CA,medium-certainty,Dengying Shibantan,,"marine facies, well preserved, well age constrain, no preleaching",,,,,,,,,,,South China,,,,,,,,25,1,3241,,,"Chen et al., 2022;Sawaki et al.,2010b;Macdonald et al.,2013"
S100801-01,,,546.4,,3.837856729,-4.56078561,0.708403,,,,,,CA,medium-certainty,Dengying Shibantan,,"marine facies, well preserved, well age constrain, no preleaching",,,,,,,,,,,South China,,,,,,,,50,5,1014,,,"Chen et al., 2022;Sawaki et al.,2010b;Macdonald et al.,2013"
S108805-02,,,580.4947979,,5.495034086,-2.917357837,0.708404,,,,,,DL,medium-certainty,Doushantuo Member 3,,altered,,,,,,,,,,,South China,,,,,,,,418,67,104,,,"Chen et al., 2022;Sawaki et al.,2010b;Macdonald et al.,2013"
S100801-02,,,546.412055,,4.105272014,-5.157342124,0.708415,,,,,,CA,medium-certainty,Dengying Shibantan,,"marine facies, well preserved, well age constrain, no preleaching",,,,,,,,,,,South China,,,,,,,,59,3,3729,,,"Chen et al., 2022;Sawaki et al.,2010b;Macdonald et al.,2013"
S101608-01,,,548.3661705,,5.308502243,-3.285391532,0.708421,,,,,,CA,medium-certainty,Dengying Shibantan,,"marine facies, well preserved, well age constrain, no preleaching",,,,,,,,,,,South China,,,,,,,,18,2,672,,,"Chen et al., 2022;Sawaki et al.,2010b;Macdonald et al.,2013"
S110207-01,,,590.6644529,,-3.929903171,0.114512971,0.708434,,,,,,DL,medium-certainty,Doushantuo Member 2,,altered,,,,,,,,,,,South China,,,,,,,,1573,167,166,,,"Chen et al., 2022;Sawaki et al.,2010b;Macdonald et al.,2013"
S100502-01,,,545.722509,,4.311912444,-5.360649248,0.708456,,,,,,CA,medium-certainty,Dengying Shibantan,,altered,,,,,,,,,,,South China,,,,,,,,54,19,389,,,"Chen et al., 2022;Sawaki et al.,2010b;Macdonald et al.,2013"
S108902A-01,,,580.8497388,,5.830307575,-3.465317576,0.708465,,,,,,DL,medium-certainty,Doushantuo Member 3,,altered,,,,,,,,,,,South China,,,,,,,,277,66,92,,,"Chen et al., 2022;Sawaki et al.,2010b;Macdonald et al.,2013"
S101301-01,,,547.7103785,,5.095429878,-2.671746824,0.708481,,,,,,CA,medium-certainty,Dengying Shibantan,,"marine facies, well preserved, well age constrain, no preleaching",,,,,,,,,,,South China,,,,,,,,88,6,3011,,,"Chen et al., 2022;Sawaki et al.,2010b;Macdonald et al.,2013"
S103306-01,,,551.523375,,1.210397629,-1.487152117,0.708495,,,,,,DL,medium-certainty,Dengying Hamajing,,altered,,,,,,,,,,,South China,,,,,,,,135,32,63,,,"Chen et al., 2022;Sawaki et al.,2010b;Macdonald et al.,2013"
S110121C-01,,,590.0263569,,-3.244873986,0.742143493,0.708505,,,,,,DL,medium-certainty,Doushantuo Member 2,,altered?,,,,,,,,,,,South China,,,,,,,,1170,158,215,,,"Chen et al., 2022;Sawaki et al.,2010b;Macdonald et al.,2013"
S109901B-01,,,588.4590336,,-4.188211544,0.813124228,0.708509,,,,,,DL,medium-certainty,Doushantuo Member 2,,altered?,,,,,,,,,,,South China,,,,,,,,938,124,233,,,"Chen et al., 2022;Sawaki et al.,2010b;Macdonald et al.,2013"
S101802-01,,,548.6000375,,5.133802722,-4.051156544,0.708518,,,,,,CA,medium-certainty,Dengying Shibantan,,"marine facies, well preserved, well age constrain, no preleaching",,,,,,,,,,,South China,,,,,,,,50,10,518,,,"Chen et al., 2022;Sawaki et al.,2010b;Macdonald et al.,2013"
S109704-01,,,587.0592105,,-1.962478778,0.613343296,0.708524,,,,,,DL,medium-certainty,Doushantuo Member 2,,altered,,,,,,,,,,,South China,,,,,,,,1386,152,156,,,"Chen et al., 2022;Sawaki et al.,2010b;Macdonald et al.,2013"
S102903-01,,,550.9748725,,2.82068565,-0.959286722,0.708545,,,,,,DL,medium-certainty,Dengying Hamajing,,altered,,,,,,,,,,,South China,,,,,,,,206,40,60,,,"Chen et al., 2022;Sawaki et al.,2010b;Macdonald et al.,2013"
S110123C-01,,,590.1021308,,-3.596327357,-0.09074882,0.708553,,,,,,DL,medium-certainty,Doushantuo Member 2,,altered?,,,,,,,,,,,South China,,,,,,,,1170,156,266,,,"Chen et al., 2022;Sawaki et al.,2010b;Macdonald et al.,2013"
S110004-01,,,589.0891534,,-3.1739181,0.832685848,0.708561,,,,,,DL,medium-certainty,Doushantuo Member 2,,altered?,,,,,,,,,,,South China,,,,,,,,929,133,218,,,"Chen et al., 2022;Sawaki et al.,2010b;Macdonald et al.,2013"
Yd26,,,562.999996,,-6.8,-6.3,0.708565,,,,,,P,medium-certainty,Doushantuo,,altered? and non carbonate,,,,,,,,,,,South China,,,,,,,,,,1662,,,"Chen et al., 2022;Cui et al.,2015;Macdonald et al.,2013"
S103704-01,,,551.7656805,,1.640617557,-3.008825559,0.708566,,,,,,DL,medium-certainty,Dengying Hamajing,,altered,,,,,,,,,,,South China,,,,,,,,110,44,69,,,"Chen et al., 2022;Sawaki et al.,2010b;Macdonald et al.,2013"
S109806A-01,,,588.0123664,,-0.670521156,0.95674438,0.708608,,,,,,DL,medium-certainty,Doushantuo Member 2,,altered,,,,,,,,,,,South China,,,,,,,,1090,154,177,,,"Chen et al., 2022;Sawaki et al.,2010b;Macdonald et al.,2013"
S109619B-01,,,586.8039721,,-2.769170822,0.131244016,0.708667,,,,,,DL,medium-certainty,Doushantuo Member 2,,altered,,,,,,,,,,,South China,,,,,,,,784,155,168,,,"Chen et al., 2022;Sawaki et al.,2010b;Macdonald et al.,2013"
S108301-01,,,577.9822949,,4.61452975,-2.511783254,0.708673,,,,,,DL,medium-certainty,Doushantuo Member 3,,altered,,,,,,,,,,,South China,,,,,,,,700,93,160,,,"Chen et al., 2022;Sawaki et al.,2010b;Macdonald et al.,2013"
S114608-01,,,635.2354585,,0.281510543,-11.9572045,0.708677,,,,,,CA,medium-certainty,Doushantuo Member 2,,altered,,,,,,,,,,,South China,,,,,,,,520,358,374,,,"Chen et al., 2022;Sawaki et al.,2010b;Macdonald et al.,2013"
S110008-01,,,589.1768916,,-3.443051557,-0.047262527,0.708705,,,,,,DL,medium-certainty,Doushantuo Member 2,,altered?,,,,,,,,,,,South China,,,,,,,,1335,127,226,,,"Chen et al., 2022;Sawaki et al.,2010b;Macdonald et al.,2013"
S109613-01,,,586.5487337,,-1.3675919,1.119042724,0.708717,,,,,,DL,medium-certainty,Doushantuo Member 2,,altered,,,,,,,,,,,South China,,,,,,,,862,138,148,,,"Chen et al., 2022;Sawaki et al.,2010b;Macdonald et al.,2013"
S108602-04,,,579.5376539,,4.516913437,-2.153568976,0.708726,,,,,,DL,medium-certainty,Doushantuo Member 3,,altered,,,,,,,,,,,South China,,,,,,,,560,86,110,,,"Chen et al., 2022;Sawaki et al.,2010b;Macdonald et al.,2013"
S108104B-02,,,577.1168772,,5.24218445,-1.359903571,0.70875,,,,,,DL,medium-certainty,Doushantuo Member 3,,altered,,,,,,,,,,,South China,,,,,,,,794,106,146,,,"Chen et al., 2022;Sawaki et al.,2010b;Macdonald et al.,2013"
S107706-01,,,575.1906249,,4.828991143,-0.775982453,0.708771,,,,,,DL,medium-certainty,Doushantuo Member 3,,altered,,,,,,,,,,,South China,,,,,,,,1485,176,53,,,"Chen et al., 2022;Sawaki et al.,2010b;Macdonald et al.,2013"
S110309-01,,,591.6535017,,-6.651172257,-2.52711704,0.708808,,,,,,DL,medium-certainty,Doushantuo Member 2,,altered,,,,,,,,,,,South China,,,,,,,,824,66,271,,,"Chen et al., 2022;Sawaki et al.,2010b;Macdonald et al.,2013"
S108001-01,,,576.0121735,,4.726212512,-1.830281654,0.708837,,,,,,DL,medium-certainty,Doushantuo Member 3,,altered,,,,,,,,,,,South China,,,,,,,,1004,108,105,,,"Chen et al., 2022;Sawaki et al.,2010b;Macdonald et al.,2013"
S102403-02,,,550.3841775,,1.704076729,-2.894407351,0.708847,,,,,,DL,medium-certainty,Dengying Hamajing,,altered,,,,,,,,,,,South China,,,,,,,,252,76,68,,,"Chen et al., 2022;Sawaki et al.,2010b;Macdonald et al.,2013"
S106015-01,,,567.2463297,,-8.9391902,-7.770396399,0.708862,,,,,,CA,low-certainty,Doushantuo Member 3,,altered,,,,,,,,,,,South China,,,,,,,,517,38,163,,,"Chen et al., 2022;Sawaki et al.,2010b;Macdonald et al.,2013"
S109615-01,,,586.6524243,,-0.544731522,1.406156824,0.708877,,,,,,DL,low-certainty,Doushantuo Member 2,,altered,,,,,,,,,,,South China,,,,,,,,842,198,133,,,"Chen et al., 2022;Sawaki et al.,2010b;Macdonald et al.,2013"
S108102B1-01,,,576.5665194,,5.4473606,-2.057259548,0.708881,,,,,,DL,low-certainty,Doushantuo Member 3,,altered,,,,,,,,,,,South China,,,,,,,,976,109,131,,,"Chen et al., 2022;Sawaki et al.,2010b;Macdonald et al.,2013"
S105809-01,,,565.5314467,,-8.901970287,-7.938989093,0.708906,,,,,,CA,low-certainty,Doushantuo Member 3,,altered,,,,,,,,,,,South China,,,,,,,,733,26,192,,,"Chen et al., 2022;Sawaki et al.,2010b;Macdonald et al.,2013"
S105113-01,,,559.3578679,,-7.9304942,-8.589833813,0.708919,,,,,,CA,low-certainty,Doushantuo Member 3,,altered,,,,,,,,,,,South China,,,,,,,,515,37,170,,,"Chen et al., 2022;Sawaki et al.,2010b;Macdonald et al.,2013"
S105914A-01,,,566.2293642,,-8.989763557,-7.374684879,0.708926,,,,,,CA,low-certainty,Doushantuo Member 3,,altered,,,,,,,,,,,South China,,,,,,,,698,31,162,,,"Chen et al., 2022;Sawaki et al.,2010b;Macdonald et al.,2013"
S104805-01,,,557.2322106,,-7.675168025,-6.529053666,0.708993,,,,,,CA,low-certainty,Doushantuo Member 3,,altered,,,,,,,,,,,South China,,,,,,,,426,39,154,,,"Chen et al., 2022;Sawaki et al.,2010b;Macdonald et al.,2013"
S105416-01,,,562.1694784,,-8.106288575,-7.854978323,0.709035,,,,,,CA,low-certainty,Doushantuo Member 3,,altered,,,,,,,,,,,South China,,,,,,,,830,29,177,,,"Chen et al., 2022;Sawaki et al.,2010b;Macdonald et al.,2013"
S105303-01,,,561.0926914,,-7.56798605,-6.48834509,0.709054,,,,,,CA,low-certainty,Doushantuo Member 3,,altered,,,,,,,,,,,South China,,,,,,,,1227,59,209,,,"Chen et al., 2022;Sawaki et al.,2010b;Macdonald et al.,2013"
S105801-01,,,564.6859695,,-8.074701617,-6.72119147,0.70906,,,,,,CA,low-certainty,Doushantuo Member 3,,altered,,,,,,,,,,,South China,,,,,,,,1104,38,172,,,"Chen et al., 2022;Sawaki et al.,2010b;Macdonald et al.,2013"
S201701-03,,,635.6103399,,,,0.709206,,,,,,CA,low-certainty,Doushantuo Member 1,,altered,,,,,,,,,,,South China,,,,,,,,50,9773,122,,,"Chen et al., 2022;Sawaki et al.,2010b;Macdonald et al.,2013"
S106207-01,,,568.1635927,,-8.484407183,-7.85418788,0.709226,,,,,,CA,low-certainty,Doushantuo Member 3,,altered,,,,,,,,,,,South China,,,,,,,,1307,53,139,,,"Chen et al., 2022;Sawaki et al.,2010b;Macdonald et al.,2013"
S104002-01,,,552.1104535,,-0.664141957,-0.542805454,0.709589,,,,,,DL,low-certainty,Dengying Hamajing,,altered,,,,,,,,,,,South China,,,,,,,,481,287,38,,,"Chen et al., 2022;Sawaki et al.,2010b;Macdonald et al.,2013"
S104504-02,568,,554.7835172,,-7.271984287,-6.782810573,0.709815,,,,,,CA,low-certainty,Doushantuo Member 3,,altered,,,,,,,,,,,South China,,,,,,,,967,138,126,,,"Chen et al., 2022;Sawaki et al.,2010b;Macdonald et al.,2013"
S201803-01,,,636.172662,,-2.569579786,-6.03196071,0.709862,,,,,,DL,low-certainty,Doushantuo Member 1,,altered,,,,,,,,,,,South China,,,,,,,,1208,1577,60,,,"Chen et al., 2022;Sawaki et al.,2010b;Macdonald et al.,2013"
S201601-02,,,635.2195061,,2.3465662,-8.382405894,0.70996,,,,,,DL,low-certainty,Doushantuo Member 1,,altered,,,,,,,,,,,South China,,,,,,,,2228,2709,140,,,"Chen et al., 2022;Sawaki et al.,2010b;Macdonald et al.,2013"
S201701-04,,,635.5943875,,-9.5735048,-7.541927364,0.710067,,,,,,DL,low-certainty,Doushantuo Member 1,,altered,,,,,,,,,,,South China,,,,,,,,2123,6498,36,,,"Chen et al., 2022;Sawaki et al.,2010b;Macdonald et al.,2013"
S102403-01,,,550.399849,,2.5279375,-2.707781238,0.710266,,,,,,DL,low-certainty,Dengying Hamajing,,altered,,,,,,,,,,,South China,,,,,,,,800,86,65,,,"Chen et al., 2022;Sawaki et al.,2010b;Macdonald et al.,2013"
S104002-02,,,552.094782,,-0.836368486,-0.096919848,0.710302,,,,,,DL,low-certainty,Dengying Hamajing,,altered,,,,,,,,,,,South China,,,,,,,,149,275,41,,,"Chen et al., 2022;Sawaki et al.,2010b;Macdonald et al.,2013"
S106506-02,573,,569.9502615,,-6.647953989,-3.09945218,0.710636,,,,,,DL,low-certainty,Doushantuo Member 3,,altered,,,,,,,,,,,South China,,,,,,,,2973,114,32,,,"Chen et al., 2022;Sawaki et al.,2010b;Macdonald et al.,2013"
S201404-21,,,634.4099218,,2.187637778,-12.7140965,0.710851,,,,,,CA,low-certainty,Doushantuo Member 1,,altered,,,,,,,,,,,South China,,,,,,,,1912,1045,76,,,"Chen et al., 2022;Sawaki et al.,2010b;Macdonald et al.,2013"
S106303A-01,,,568.3590096,,-7.784732086,-4.129622704,0.711022,,,,,,DL,low-certainty,Doushantuo Member 3,,altered,,,,,,,,,,,South China,,,,,,,,4432,121,75,,,"Chen et al., 2022;Sawaki et al.,2010b;Macdonald et al.,2013"
S106407-01,,,569.172582,,-8.304633125,-6.735848958,0.711134,,,,,,DL,low-certainty,Doushantuo Member 3,,altered,,,,,,,,,,,South China,,,,,,,,3558,194,59,,,"Chen et al., 2022;Sawaki et al.,2010b;Macdonald et al.,2013"
S201701-02,,,635.6302804,,-5.563245414,-10.76832904,0.711179,,,,,,DL,low-certainty,Doushantuo Member 1,,altered,,,,,,,,,,,South China,,,,,,,,3717,6368,55,,,"Chen et al., 2022;Sawaki et al.,2010b;Macdonald et al.,2013"
S201902-04,,,636.7748651,,-3.496407057,-14.88290331,0.711428,,,,,,,low-certainty,Doushantuo Member 1,,altered,,,,,,,,,,,South China,,,,,,,,2245,3352,194,,,"Chen et al., 2022;Sawaki et al.,2010b;Macdonald et al.,2013"
S201503-21,,,634.8007556,,3.135806133,-11.71161644,0.71306,,,,,,DL,low-certainty,Doushantuo Member 1,,altered,,,,,,,,,,,South China,,,,,,,,1751,384,27,,,"Chen et al., 2022;Sawaki et al.,2010b;Macdonald et al.,2013"
S201803-04,,,636.1048643,,-1.323951071,-3.85498755,0.713077,,,,,,DL,low-certainty,Doushantuo Member 1,,altered,,,,,,,,,,,South China,,,,,,,,1627,6056,311,,,"Chen et al., 2022;Sawaki et al.,2010b;Macdonald et al.,2013"
,,,,,,,,,,,,,,,,,,,,,,,,,,,,,,,,,,,,,,,,,
6.12,,,550.9854,,2.36,-4.73,0.709019,,,,,,CA,medium-certainty,Wonoka Fm.,,altered,,,,,,,,,,,Australia,,,,,,,,,,429,,,"Chen et al., 2022;Calver (2000);Bold et al., 2016"
5.54,568,,552.8043,,-6.27,-10.29,0.708999,,,,,,CA,medium-certainty,Wonoka Fm.,,altered,,,,,,,,,,,Australia,,,,,,,,,,1064,,,"Chen et al., 2022;Calver (2000);Bold et al., 2016"
5.52,,,553.101,,-6.36,-10.16,0.708769,,,,,,CA,medium-certainty,Wonoka Fm.,,"marine, least altered, well age constraints, unknow method",,,,,,,,,,,Australia,,,,,,,,,,1420,,,"Chen et al., 2022;Calver (2000);Bold et al., 2016"
5.44,,,554.7651,,-7.67,-12.57,0.708689,,,,,,CA,medium-certainty,Wonoka Fm.,,"marine, least altered, well age constraints, unknow method",,,,,,,,,,,Australia,,,,,,,,,,921,,,"Chen et al., 2022;Calver (2000);Bold et al., 2016"
5.41,,,555.7971,,-7.45,-12.68,0.708889,,,,,,CA,medium-certainty,Wonoka Fm.,,altered,,,,,,,,,,,Australia,,,,,,,,,,717,,,"Chen et al., 2022;Calver (2000);Bold et al., 2016"
5.36,570,,556.9,,-7.51,-13.12,0.709109,,,,,,CA,medium-certainty,Wonoka Fm.,,altered,,,,,,,,,,,Australia,,,,,,,,,,577,,,"Chen et al., 2022;Calver (2000);Bold et al., 2016"
,,,,,,,,,,,,,,,,,,,,,,,,,,,,,,,,,,,,,,,,,
ZN14,550,,549,,2.9,-6.54,0.708432,,,,,,CA,medium-certainty,Dengying Fm,,"marine, least altered, well-age constraints,no preleach",,,,,,,,,,,China,,,,,,,,,63,632,,,"Chen et al., 2022;Yang et al. (1999);"
ZN15,,,550,,2.56,-4.88,0.708491,,,,,,CA,medium-certainty,Dengying Fm,,"marine, least altered, well-age constraints,no preleach",,,,,,,,,,,China,,,,,,,,,119,1191,,,"Chen et al., 2022;Yang et al. (1999);"
ZN12,,,550,,3.03,-4.09,0.708735,,,,,,CA,medium-certainty,Dengying Fm,,"marine, least altered, well-age constraints,no preleach",,,,,,,,,,,China,,,,,,,,,106,1061,,,"Chen et al., 2022;Yang et al. (1999);"
ZN53,,,550,,2.54,-5.18,0.710009,,,,,,DL,low-certainty,Dengying Fm,,altered,,,,,,,,,,,China,,,,,,,,,97,108,,,"Chen et al., 2022;Yang et al. (1999);"
ZN67,,,550,,2.37,-5.14,0.710008,,,,,,DL,low-certainty,Dengying Fm,,altered,,,,,,,,,,,China,,,,,,,,,77,70,,,"Chen et al., 2022;Yang et al. (1999);"
ZN46,,,550,,3.24,-3.75,0.709911,,,,,,DL,low-certainty,Dengying Fm,,altered,,,,,,,,,,,China,,,,,,,,,55,110,,,"Chen et al., 2022;Yang et al. (1999);"
ZN59,,,550,,2.74,-2.62,0.70939,,,,,,DL,low-certainty,Dengying Fm,,altered,,,,,,,,,,,China,,,,,,,,,93,103,,,"Chen et al., 2022;Yang et al. (1999);"
ZN2,,,550,,1.52,-2.2,0.709179,,,,,,DL,low-certainty,Dengying Fm,,altered,,,,,,,,,,,China,,,,,,,,,47,93,,,"Chen et al., 2022;Yang et al. (1999);"
TD5d,,,570,,6.4,-11,0.707768,,,,,,CA,medium-certainty,Doushantou Fm.,,"marine, least altered, well-age constraints,no preleach",,,,,,,,,,,China,,,,,,,,,,450,,,"Chen et al., 2022;Yang et al. (1999);"
TD6b,,,570,,4.1,-5.26,0.70801,,,,,,CA,medium-certainty,Doushantou Fm.,,"marine, least altered, well-age constraints,no preleach",,,,,,,,,,,China,,,,,,,,,,401,,,"Chen et al., 2022;Yang et al. (1999);"
TD7c,,,570,,4.08,-3.81,0.707906,,,,,,CA,medium-certainty,Doushantou Fm.,,"marine, least altered, well-age constraints,no preleach",,,,,,,,,,,China,,,,,,,,,,602,,,"Chen et al., 2022;Yang et al. (1999);"
TD7h,567,,570,,5.32,-2.71,0.707823,,,,,,CA,medium-certainty,Doushantou Fm.,,"marine, least altered, well-age constraints,no preleach",,,,,,,,,,,China,,,,,,,,,,409,,,"Chen et al., 2022;Yang et al. (1999);"
TD9k,,,570,,-1.15,-7.63,0.708727,,,,,,DL,medium-certainty,Doushantou Fm.,,"marine, least altered, well-age constraints,no preleach",,,,,,,,,,,China,,,,,,,,,,247,,,"Chen et al., 2022;Yang et al. (1999);"
TD10f,,,570,,-3.09,-5.73,0.708506,,,,,,DL,medium-certainty,Doushantou Fm.,,"marine, least altered, well-age constraints,no preleach",,,,,,,,,,,China,,,,,,,,,,147,,,"Chen et al., 2022;Yang et al. (1999);"
TD4d,,,570,,1.64,-3.3,0.708704,,,,,,DL,low-certainty,Doushantou Fm.,,altered,,,,,,,,,,,China,,,,,,,,,,350,,,"Chen et al., 2022;Yang et al. (1999);"
TD8a,,,570,,-0.1,-2.19,0.709493,,,,,,DL,low-certainty,Doushantou Fm.,,altered,,,,,,,,,,,China,,,,,,,,,,239,,,"Chen et al., 2022;Yang et al. (1999);"
TD7u,569,,571,,0.43,-0.54,0.708051,,,,,,DL,medium-certainty,Doushantou Fm.,,"marine, least altered, well-age constraints,no preleach",,,,,,,,,,,China,,,,,,,,,,237,,,"Chen et al., 2022;Yang et al. (1999);"