Counter_Type,Counter_Height,Dome,Section,Meter,Sample,Formation,Group,Composite_Height,Use,Microanalysis_Type,Facies,WaterDepth,Min,d13C,d18O,d13Corg,CAP13C,d34SCAS,d34Spy,Dd34S,TOC,Pyrite,SO4,Ca44_40,Ca44_42,Ca44_43,d26Mg,d25Mg,Mn_ppm,Sr_ppm,Fe_ppm,Na_ppm,Mg_ppm,Al_ppm,P_ppm,S_ppm,K_ppm,Ca_ppm,Ti_ppm,Li_ppm,Be_ppm,B_ppm,Sc_ppm,V_ppm,Cr_ppm,Ba_ppm,Cd_ppm,Cu_ppm,Ni_ppm,Pb_ppm,Zn_ppm,Y_ppm,Zr_ppm,Mg_MgCa,Sr_Ca_mmol_mol,Mg_Ca_mmol_mol,Mn_Ca_mmol_mol,U_Ca_mmol_mol,Mn_Sr_mmol_mol,Mn_Sr_ppm,Al_Acetic_ppm,Ca_Acetic,Fe_Acetic_ppm,K_Acetic_ppm,Mg_Acetic_ppm,Mn_Acetic_ppm,Na_Acetic_ppm,S_Acetic_ppm,Sr_Acetic_ppm,N,mean_pct_carb,d13C_VPDB,d18O_VPDB_mineral,d18Ow_VSMOW,d18Ow_VSMOW_1SE_lower,d18Ow_VSMOW_1SE_upper,d18Ow_VSMOW_2SE_lower,d18Ow_VSMOW_2SE_upper,d18Ow_VSMOW_lower,d18Ow_VSMOW_upper,D47,SE,SE_2,SD,CL_95_pct,T_MIT,T_MIT_SE_lower,T_MIT_SE_upper,T_MIT_2SE_lower,T_MIT_2SE_upper,T_MIT_95CL_lower,T_MIT_95CL_upper,D48,D48_SE,D48_SD,D48_95_CL,Mineralogy,Type,Form_T,err_Form_T,Calibration,Author,ordering_ratio,Mg,alt_Sample,Counter,Location,Country_Min,Formation.1,T_Petersen,d47_VPDB,d18Ow_VSMOW_MK77,d18Ow_VSMOW_MK77_upper,d18Ow_VSMOW_MK77_lower,d18Ow_VSMOW_H14,d18Ow_VSMOW_H14_upper,d18Ow_VSMOW_H14_lower,d18Ow_VSMOW_H14_lower.1,d18Ow_VSMOW_V05,d18Ow_VSMOW_V05_upper,d18Ow_VSMOW_V05_lower,d18Ow_VSMOW_KON97,d18Ow_VSMOW_KON97_upper,d18Ow_VSMOW_KON97_lower,d18Ow_VSMOW_A21,d18Ow_VSMOW_A21.1,d18Ow_VSMOW_A21_upper,d18Ow_VSMOW_A21_lower,Data_Reference,Published,AgeModel,T_calc_sw1_a21
1389,,GSB,MQT,4180,MQT_4180,M. Bay,pre,-32,0,,dolomaceous shale,,DL,1.37,-4.2,,,,,,,,,,,,,,,,,,,,,,,,,,,,,,,,,,,,,,,,,,,,,,,,,,,,,,,,,,,,,,,,,,,,,,,,,,,,,,,,,,,,,,,,,,,,,,,,,,,,,,,,,,,,,,,,,,Fike_2006,Yes,578.2,45.70911322
949,,GSB,MQT,4160,MQT_4160,M. Bay,pre,-12,0,,dolomaceous shale,,DL,0.94,-5.65,,,,,,,,,,,,,,,,,,,,,,,,,,,,,,,,,,,,,,,,,,,,,,,,,,,,,,,,,,,,,,,,,,,,,,,,,,,,,,,,,,,,,,,,,,,,,,,,,,,,,,,,,,,,,,,,,,Fike_2006,Yes,578.2,53.50849359
1390,,GSB,MQT,4140,MQT_4140,M. Bay,pre,8,0,,dolomaceous shale,,DL,2.96,-6.37,,,24.30896961,17.01902307,7.289946539,0.1627,0.562030469,,,,,,,584.457,145.415,3481,,,,,,,,,,,,,,,,,,,,,,,,,,,,,4.019234604,,,,,,,,,,,,,,,,,,,,,,,,,,,,,,,,,,,,,,,,,,,,,,,,,,,,,,,,,,,,,,,,,,,,,Fike_2006,Yes,578.1480664,57.6047054
74,,GSB,MQT,4120,MQT_4120,M. Bay,pre,28,0,,silty limestone,,CA,5.83,-4.62,-28.603,34.44,23.14477,12.09462542,11.05014458,0.4258,0.931445,460,,,,,,1280,328.279,1731,,,,,,,,,,,,,,,,,,,,,,,,,,,,,3.899122393,,,,,,,,,,,,,,,,,,,,,,,,,,,,,,,,,,,,,,,,,,,,,,,,,,,,,,,,,,,,,,,,,,,,,Fike_2006,Yes,577.8356837,37.01254639
950,,GSB,MQT,4110,MQT_4110,M. Bay,pre,38,0,,limestone,,CA,6.58,-5.85,-28.51166667,35.09,21.93466776,10.70140537,11.23326239,0.4644,1.1905125,150,,,,,,454.057,420.21,1423,,,,,,,,,,,,,,,,,,,,,,,,,,,,,1.080547821,,,,,,,,,,,,,,,,,,,,,,,,,,,,,,,,,,,,,,,,,,,,,,,,,,,,,,,,,,,,,,,,,,,,,Fike_2006,Yes,577.6794924,43.96196714
951,,GSB,MQT,4100,MQT_4100,M. Bay,pre,48,0,,silty limestone,,CA,5.05,-4,,,18.57849071,5.793528341,12.78496237,0.43935,1.139971875,150,,,,,,468.588,343.807,1641.5,,,,,,,,,,,,,,,,,,,,,,,,,,,,,1.362939091,,,,,,,,,,,,,,,,,,,,,,,,,,,,,,,,,,,,,,,,,,,,,,,,,,,,,,,,,,,,,,,,,,,,,Fike_2006,Yes,577.523301,33.62690061
1391,,GSB,MQT,4096,MQT_4096,M. Bay,pre,52,0,,silty limestone,,CA,2.9,-3.71,,,,,,,,,,,,,,,,,,,,,,,,,,,,,,,,,,,,,,,,,,,,,,,,,,,,,,,,,,,,,,,,,,,,,,,,,,,,,,,,,,,,,,,,,,,,,,,,,,,,,,,,,,,,,,,,,,Fike_2006,Yes,577.4608245,32.06924315
952,,GSB,MQT,4090,MQT_4090,M. Bay,pre,58,0,,silty limestone,,CA,0.09,-3.53,-29.74466667,29.83,16.77998867,4.42072334,12.35926533,0.55005,2.362587031,1000,,,,,,889.305,333.734,2103,,,,,,,,,,,,,,,,,,,,,,,,,,,,,2.664712016,,,,,,,,,,,,,,,,,,,,,,,,,,,,,,,,,,,,,,,,,,,,,,,,,,,,,,,,,,,,,,,,,,,,,Fike_2006,Yes,577.3671097,31.11057775
1392,,GSB,MQT,4080,MQT_4080,M. Bay,pre,68,0,,silty limestone,,CA,1.69,-6.89,-31.058,32.75,,0.672265831,,0.96645,1.409334688,,,,,,,1240,317.941,1424,,,,,,,,,,,,,,,,,,,,,,,,,,,,,3.900094672,,,,,,,,,,,,,,,,,,,,,,,,,,,,,,,,,,,,,,,,,,,,,,,,,,,,,,,,,,,,,,,,,,,,,Fike_2006,Yes,577.2109184,50.09269424
953,,GSB,MQT,4076,MQT_4076,M. Bay,pre,72,0,,silty limestone,,CA,1.76,-6.32,,,,,,,,,,,,,,,,,,,,,,,,,,,,,,,,,,,,,,,,,,,,,,,,,,,,,,,,,,,,,,,,,,,,,,,,,,,,,,,,,,,,,,,,,,,,,,,,,,,,,,,,,,,,,,,,,,Fike_2006,Yes,577.1484418,46.70274149
534,,GSB,MQT,4074,MQT_4074,M. Bay,pre,74,0,,silty limestone,,CA,2.07,-6.71,,,,,,,,,,,,,,,,,,,,,,,,,,,,,,,,,,,,,,,,,,,,,,,,,,,,,,,,,,,,,,,,,,,,,,,,,,,,,,,,,,,,,,,,,,,,,,,,,,,,,,,,,,,,,,,,,,Fike_2006,Yes,577.1172036,49.01423486
1393,,GSB,MQT,4072,MQT_4072,M. Bay,pre,76,0,,silty limestone,,CA,2.45,-9.31,-31.0360192,33.49,18.1876223,1.145565994,17.04205631,1.2901,0.747533281,1700,,,,,,476.571,334.154,1178,,,,,,,,,,,,,,,,,,,,,,,,,,,,,1.426201691,,,,,,,,,,,,,,,,,,,,,,,,,,,,,,,,,,,,,,,,,,,,,,,,,,,,,,,,,,,,,,,,,,,,,Fike_2006,Yes,577.0859653,65.34702711
954,,GSB,MQT,4070,MQT_4070,M. Bay,pre,78,0,,silty limestone,,CA,2.14,-6.08,-30.48233333,32.63,19.66532563,2.204748624,17.46057701,,,560,,,,,,433.27,356.544,13580,560,46560,6120,470,9984.63514,3030,172470,116.98088,20.63,0.733,,1.688,193.885,89.018,,,,,,,,,0.21257362,,,,,,1.215193637,,,,,,,,,,,,,,,,,,,,,,,,,,,,,,,,,,,,,,,,,,,,,,,,,,,,,,,,,,,,,,,,,,,,,Fike_2006,Yes,577.054727,45.29714185
1394,,GSB,MQT,4068,MQT_4068,Khufai,pre,80,0,,silty limestone,,CA,2.46,-7.27,,,,,,,,,,,,,,242.865,,10830,710,46770,5430,420,7237.13241,2430,180340,106.72838,16.449,0.523,,1.434,183.25,43.302,,,,,,,,,,,,,,,,,,,,,,,,,,,,,,,,,,,,,,,,,,,,,,,,,,,,,,,,,,,,,,,,,,,,,,,,,,,,,,,,,,,,Fike_2006,Yes,577.0234888,52.39397536
955,,GSB,MQT,4060,MQT_4060,Khufai,pre,88,0,,silty limestone,,CA,2.95,-8.21,-30.70466667,33.65,21.22389766,-0.420934904,21.64483257,,,200,,,,,,423.813,418.046,7915,525,61220,2650,210,6134.13244,1380,231350,,10.624,0.189,,0.832,55.319,109.846,,,,,,,,,0.160330855,,,,,,1.013795133,,,,,,,,,,,,,,,,,,,,,,,,,,,,,,,,,,,,,,,,,,,,,,,,,,,,,,,,,,,,,,,,,,,,,Fike_2006,Yes,576.8985357,58.23387505
286,,GSB,MQT,4056,MQT_4056,Khufai,pre,92,0,,limestone,,CA,,,,,,,,,,,,,,,,233,,12100,1200,55500,5000,210,4620,1900,259000,,15.2,0.3,23,1.2,51,30.7,,,,,,,,,0.176470588,,,,,,,,,,,,,,,,,,,,,,,,,,,,,,,,,,,,,,,,,,,,,,,,,,,,,,,,,,,,,,,,,,,,,,,,,,,Fike_2006,Yes,576.8360592,
73,,GSB,MQT,4050,MQT_4050,Khufai,pre,98,0,,limestone,,CA,3.37,-9.32,,,21.67110487,-3.138423241,24.80952811,1.16545,0.650944531,25,,,,,,200.681,369.649,10060,350,42230,2320,170,4108.33916,960,231540,,9.952,0.298,,0.716,48.397,68.719,,,,,,,,,0.154253571,,,,,,0.542896099,,,,,,,,,,,,,,,,,,,,,,,,,,,,,,,,,,,,,,,,,,,,,,,,,,,,,,,,,,,,,,,,,,,,,Fike_2006,Yes,576.7423444,65.41313007
1395,,GSB,MQT,4044,MQT_4044,Khufai,pre,104,0,,limestone,,CA,3.91,-7.78,,,,,,,,,,,,,,143,,4000,940,34700,1700,200,1870,800,316000,,3.9,0.1,13,0.4,85,11.8,,,,,,,,,0.098944967,,,,,,,,,,,,,,,,,,,,,,,,,,,,,,,,,,,,,,,,,,,,,,,,,,,,,,,,,,,,,,,,,,,,,,,,,,,Fike_2006,Yes,576.6486296,55.53595503
956,,GSB,MQT,4040,MQT_4040,Khufai,pre,108,0,,limestone,,CA,3.7,-9.1,,,21.65811881,1.820769176,19.83734963,0.4471,0.294913906,210,,,,,,127.418,664.184,2500,1010,96200,1200,220,20910,600,204000,,2.783,0.167,,0.395,85.165,41.545,,,,,,,,,0.090755976,,,,,,0.191841417,,,,,,,,,,,,,,,,,,,,,,,,,,,,,,,,,,,,,,,,,,,,,,,,,,,,,,,,,,,,,,,,,,,,,Fike_2006,Yes,576.586153,63.96495622
1396,,GSB,MQT,4034,MQT_4034,Khufai,pre,114,0,,limestone,,CA,,,,,,,,,,,,,,,,107,,3200,1080,29300,1700,180,1900,800,255000,,4.1,0.2,10,0.3,101,10.9,,,,,,,,,0.103060148,,,,,,,,,,,,,,,,,,,,,,,,,,,,,,,,,,,,,,,,,,,,,,,,,,,,,,,,,,,,,,,,,,,,,,,,,,,Fike_2006,Yes,576.4924382,
957,,GSB,MQT,4030,MQT_4030,Khufai,pre,118,0,,limestone,,CA,3.31,-10.65,-31.94866667,35.26,21.53537283,2.277550913,19.25782192,0.502,0.17296125,320,,,,,,133.388,851.248,4410,280,25380,1490,150,3087.03772,700,291820,,3.61,0.154,,0.499,100.988,66.613,,,,,,,,,0.08001261,,,,,,0.156696991,,,,,,,,,,,,,,,,,,,,,,,,,,,,,,,,,,,,,,,,,,,,,,,,,,,,,,,,,,,,,,,,,,,,,Fike_2006,Yes,576.4299617,74.44729323
1397,,GSB,MQT,4026,MQT_4026,Khufai,pre,122,0,,limestone,,CA,,,,,,,,,,,,,,,,125,,3800,1150,28900,1700,180,2280,800,244000,,3.3,0.4,12,0.3,92,13.3,,,,,,,,,0.105899597,,,,,,,,,,,,,,,,,,,,,,,,,,,,,,,,,,,,,,,,,,,,,,,,,,,,,,,,,,,,,,,,,,,,,,,,,,,Fike_2006,Yes,576.3674852,
1398,,GSB,MQT,4022,MQT_4022,Khufai,pre,126,0,,limestone,,CA,2.97,-8.14,,,,,,,,,,,,,,,,,,,,,,,,,,,,,,,,,,,,,,,,,,,,,,,,,,,,,,,,,,,,,,,,,,,,,,,,,,,,,,,,,,,,,,,,,,,,,,,,,,,,,,,,,,,,,,,,,,Fike_2006,Yes,576.3050086,57.79158451
958,,GSB,MQT,4020,MQT_4020,Khufai,pre,128,0,,limestone,,CA,3.24,-9.99,-31.542,34.78,22.26181934,2.233134291,20.02868504,1.0924,0.237915313,200,,,,,,147.959,833.554,4770,270,26210,1130,170,3801.59887,550,285780,,3.435,0.144,,0.423,73.524,61.768,,,,,,,,,0.084009103,,,,,,0.177503797,,,,,,,,,,,,,,,,,,,,,,,,,,,,,,,,,,,,,,,,,,,,,,,,,,,,,,,,,,,,,,,,,,,,,Fike_2006,Yes,576.2737704,69.90318207
959,,GSB,MQT,4016,MQT_4016,Khufai,pre,132,0,,limestone,,CA,,,,,,,,,,,,,,,,129,,3600,930,28100,1500,180,2160,700,249000,,2.7,0.2,12,0.3,71,9.2,,,,,,,,,0.101407434,,,,,,,,,,,,,,,,,,,,,,,,,,,,,,,,,,,,,,,,,,,,,,,,,,,,,,,,,,,,,,,,,,,,,,,,,,,Fike_2006,Yes,576.2112938,
1399,,GSB,MQT,4010,MQT_4010,Khufai,pre,138,0,,limestone,,CA,3.17,-9.23,-31.77066667,34.94,21.67656508,2.105294521,19.57127055,0.585,0.269924375,300,,,,,,169.99,649.823,5360,380,28270,1430,160,3282.8661,720,317260,,3.379,0.109,,0.511,70.806,38.342,,,,,,,,,0.08181634,,,,,,0.261594311,,,,,,,,,,,,,,,,,,,,,,,,,,,,,,,,,,,,,,,,,,,,,,,,,,,,,,,,,,,,,,,,,,,,,Fike_2006,Yes,576.117579,64.81915521
960,,GSB,MQT,4002,MQT_4002,Khufai,pre,146,0,,limestone,,CA,,,,,,,,,,,,,,,,145,,3800,1220,37500,2000,160,2850,900,233000,,4.6,0.3,12,0.4,64,8.7,,,,,,,,,0.138632163,,,,,,,,,,,,,,,,,,,,,,,,,,,,,,,,,,,,,,,,,,,,,,,,,,,,,,,,,,,,,,,,,,,,,,,,,,,Fike_2006,Yes,575.992626,
72,,GSB,MQT,4000,MQT_4000,Khufai,pre,148,0,,limestone,,CA,3.18,-9.54,-31.65566667,34.83,24.23545104,4.048275711,20.18717533,0.40875,0.223689063,210,,,,,,189.685,305.545,5210,400,46620,2060,150,3992.83654,970,295550,,5.161,0.143,,0.578,68.716,70.536,,,,,,,,,0.136248064,,,,,,0.620808719,,,,,,,,,,,,,,,,,,,,,,,,,,,,,,,,,,,,,,,,,,,,,,,,,,,,,,,,,,,,,,,,,,,,,Fike_2006,Yes,575.9613877,66.87412549
1400,,GSB,MQT,3996,MQT_3996,Khufai,pre,152,0,,limestone,,CA,,,,,,,,,,,,,,,,146,,4700,1010,41000,2200,200,3260,900,218000,,5.1,0.4,15,0.4,61,9,,,,,,,,,0.158301158,,,,,,,,,,,,,,,,,,,,,,,,,,,,,,,,,,,,,,,,,,,,,,,,,,,,,,,,,,,,,,,,,,,,,,,,,,,Fike_2006,Yes,575.8989112,
961,,GSB,MQT,3990,MQT_3990,Khufai,pre,158,0,,limestone,,CA,3.13,-7.92,-31.43066667,34.56,23.24510333,1.555117893,21.68998544,0.4693,0.378025156,130,,,,,,183.851,264.894,6180,340,45820,2550,170,5360.70333,1010,238300,,8.736,0.221,,0.656,55.113,112.617,,,,,,,,,0.161269886,,,,,,0.69405498,,,,,,,,,,,,,,,,,,,,,,,,,,,,,,,,,,,,,,,,,,,,,,,,,,,,,,,,,,,,,,,,,,,,,Fike_2006,Yes,575.8051964,56.40938377
1401,,GSB,MQT,3984,MQT_3984,Khufai,pre,164,0,,limestone,,CA,,,,,,,,,,,,,,,,170,,6100,1320,58200,3700,180,4960,1200,184000,,12.9,0.3,16,0.7,54,11.9,,,,,,,,,0.240297275,,,,,,,,,,,,,,,,,,,,,,,,,,,,,,,,,,,,,,,,,,,,,,,,,,,,,,,,,,,,,,,,,,,,,,,,,,,Fike_2006,Yes,575.7114816,
1402,,GSB,MQT,3980,MQT_3980,Khufai,pre,168,0,,limestone,,CA,2.92,-8.24,-31.3828,34.31,21.8188437,-0.218742552,22.03758626,,,150,,,,,,203.949,299.009,7750,510,50900,3690,170,5142.84236,1480,254080,,12.056,0.245,,0.995,87.128,63.752,,,,,,,,,0.16689619,,,,,,0.682083148,,,,,,,,,,,,,,,,,,,,,,,,,,,,,,,,,,,,,,,,,,,,,,,,,,,,,,,,,,,,,,,,,,,,,Fike_2006,Yes,575.649005,58.42379983
962,,GSB,MQT,3976,MQT_3976,Khufai,pre,172,0,,limestone,,CA,,,,,,,,,,,,,,,,154,,5700,1260,47400,2900,190,3670,1100,216000,,10,0.3,17,0.7,76,12,,,,,,,,,0.179954442,,,,,,,,,,,,,,,,,,,,,,,,,,,,,,,,,,,,,,,,,,,,,,,,,,,,,,,,,,,,,,,,,,,,,,,,,,,Fike_2006,Yes,575.5865285,
963,,GSB,MQT,3970,MQT_3970,Khufai,pre,178,0,,limestone,,CA,3.23,-7.99,-32.38766667,35.62,20.94187966,0.062969058,20.87891061,1.45885,0.437082813,180,,,,,,154.219,418.415,6220,400,49210,2210,160,4182.02162,1230,326300,,5.32,0.179,,0.863,103.794,89.837,,,,,,,,,0.131048441,,,,,,0.368579042,,,,,,,,,,,,,,,,,,,,,,,,,,,,,,,,,,,,,,,,,,,,,,,,,,,,,,,,,,,,,,,,,,,,,Fike_2006,Yes,575.4928137,56.84788767
535,,GSB,MQT,3964,MQT_3964,Khufai,pre,184,0,,limestone,,CA,,,,,,,,,,,,,,,,131,,5100,710,39800,1900,150,2170,900,246000,,3.4,0.2,16,0.4,96,13.6,,,,,,,,,0.139258223,,,,,,,,,,,,,,,,,,,,,,,,,,,,,,,,,,,,,,,,,,,,,,,,,,,,,,,,,,,,,,,,,,,,,,,,,,,Fike_2006,Yes,575.3990989,
1403,,GSB,MQT,3960,MQT_3960,Khufai,pre,188,0,,limestone,,CA,3.16,-8.85,-32.34466667,35.51,,-0.721548159,,1.68345,0.411999688,,,,,,,164.922,359.156,5900,260,42850,1510,80,1726.86608,850,267410,,3.388,0.195,,0.491,74.224,72.648,,,,,,,,,0.138109972,,,,,,0.45919322,,,,,,,,,,,,,,,,,,,,,,,,,,,,,,,,,,,,,,,,,,,,,,,,,,,,,,,,,,,,,,,,,,,,,Fike_2006,Yes,575.3366224,62.33465433
1404,,GSB,MQT,3956,MQT_3956,Khufai,pre,192,0,,limestone,,CA,,,,,,,,,,,,,,,,155,,4400,1390,45500,2000,160,2510,1000,239000,,2.9,0.2,16,0.4,59,11.2,,,,,,,,,0.159929701,,,,,,,,,,,,,,,,,,,,,,,,,,,,,,,,,,,,,,,,,,,,,,,,,,,,,,,,,,,,,,,,,,,,,,,,,,,Fike_2006,Yes,575.2741458,
964,,GSB,MQT,3950,MQT_3950,Khufai,pre,198,0,,limestone,,CA,2.84,-8.85,-31.995,34.84,21.56592428,-1.162802442,22.72872672,1.0215,0.385325469,400,,,,,,226.583,352.265,6310,490,60280,2240,150,3673.04197,1150,324500,,4.981,0.126,,0.741,55.443,131.789,,,,,,,,,0.156660949,,,,,,0.643217464,,,,,,,,,,,,,,,,,,,,,,,,,,,,,,,,,,,,,,,,,,,,,,,,,,,,,,,,,,,,,,,,,,,,,Fike_2006,Yes,575.180431,62.33465433
965,,GSB,MQT,3948,MQT_3948,Khufai,pre,200,0,,limestone,,CA,,,,,,,,,,,,,,,,154,,4100,1410,43800,2100,170,2500,1000,218000,,3.2,0.3,14,0.3,38,10,,,,,,,,,0.167303285,,,,,,,,,,,,,,,,,,,,,,,,,,,,,,,,,,,,,,,,,,,,,,,,,,,,,,,,,,,,,,,,,,,,,,,,,,,Fike_2006,Yes,575.1491928,
966,,GSB,MQT,3940,MQT_3940,Khufai,pre,208,0,,limestone,,CA,2.59,-7.89,-30.3495,32.94,22.65659145,-2.411222356,25.0678138,0.5018,0.374375,250,,,,,,161.488,431.118,6910,450,53390,2320,160,4587.11303,1290,301740,,5.473,0.228,,0.895,49.437,111.735,,,,,,,,,0.150339312,,,,,,0.374579581,,,,,,,,,,,,,,,,,,,,,,,,,,,,,,,,,,,,,,,,,,,,,,,,,,,,,,,,,,,,,,,,,,,,,Fike_2006,Yes,575.0242397,56.22181952
1405,,GSB,MQT,3936,MQT_3936,Khufai,pre,212,0,,limestone,,CA,,,-32.0050047,32.01,,,,,,,,,,,,115,,5000,800,40200,2600,150,2760,1300,215000,,4.3,0.2,17,0.5,41,16.8,,,,,,,,,0.157523511,,,,,,,,,,,,,,,,,,,,,,,,,,,,,,,,,,,,,,,,,,,,,,,,,,,,,,,,,,,,,,,,,,,,,,,,,,,Fike_2006,Yes,574.9617632,
967,,GSB,MQT,3932,MQT_3932,Khufai,pre,216,0,,limestone,,CA,,,-31.753578,31.75,,,,,,,,,,,,,,,,,,,,,,,,,,,,,,,,,,,,,,,,,,,,,,,,,,,,,,,,,,,,,,,,,,,,,,,,,,,,,,,,,,,,,,,,,,,,,,,,,,,,,,,,,,,,,,,,Fike_2006,Yes,574.8992866,
968,,GSB,MQT,3930,MQT_3930,Khufai,pre,218,0,,limestone,,CA,2.68,-8.84,-33.102,35.78,,-2.651142356,,0.70285,0.521504375,,,,,,,175.524,489.6,7810,500,55550,3030,170,4664.88115,1660,305100,,7.528,0.354,,1.284,45.822,71.293,,,,,,,,,0.15402745,,,,,,0.358504902,,,,,,,,,,,,,,,,,,,,,,,,,,,,,,,,,,,,,,,,,,,,,,,,,,,,,,,,,,,,,,,,,,,,,Fike_2006,Yes,574.8680484,62.26977868
1406,,GSB,MQT,3926,MQT_3926,Khufai,pre,222,0,,limestone,,CA,,,-31.853727,31.85,,,,,,,,,,,,129,,4900,960,43800,3100,180,2850,1500,213000,,5.9,0.4,19,0.6,38,14.4,,,,,,,,,0.170560748,,,,,,,,,,,,,,,,,,,,,,,,,,,,,,,,,,,,,,,,,,,,,,,,,,,,,,,,,,,,,,,,,,,,,,,,,,,Fike_2006,Yes,574.8055718,
969,,GSB,MQT,3922,MQT_3922,Khufai,pre,226,0,,limestone,,CA,,,-31.9296294,31.93,,,,,,,,,,,,,,,,,,,,,,,,,,,,,,,,,,,,,,,,,,,,,,,,,,,,,,,,,,,,,,,,,,,,,,,,,,,,,,,,,,,,,,,,,,,,,,,,,,,,,,,,,,,,,,,,Fike_2006,Yes,574.7430953,
1407,,GSB,MQT,3920,MQT_3920,Khufai,pre,228,0,,limestone,,CA,2.14,-9.18,-32.22666667,34.36,,-5.96754927,,0.5609,0.525341719,,,,,,,192.6,318.0355,30030,430,38380,2650,220,6161.37559,1140,201000,,9.7445,0.3305,,1.115,34.091,162.0485,,,,,,,,,0.209249069,,,,,,0.605592772,,,,,,,,,,,,,,,,,,,,,,,,,,,,,,,,,,,,,,,,,,,,,,,,,,,,,,,,,,,,,,,,,,,,,Fike_2006,Yes,574.711857,64.49009207
71,,GSB,MQT,3916,MQT_3916,Khufai,pre,232,0,,limestone,,CA,,,-31.8410766,31.84,,,,,,,,,,,,164,,7100,1020,60400,4200,180,3730,2100,176000,,10.4,0.5,24,0.9,52,18.8,,,,,,,,,0.255499154,,,,,,,,,,,,,,,,,,,,,,,,,,,,,,,,,,,,,,,,,,,,,,,,,,,,,,,,,,,,,,,,,,,,,,,,,,,Fike_2006,Yes,574.6493805,
970,,GSB,MQT,3912,MQT_3912,Khufai,pre,236,0,,limestone,,CA,,,-32.0150196,32.02,,,,,,,,,,,,,,,,,,,,,,,,,,,,,,,,,,,,,,,,,,,,,,,,,,,,,,,,,,,,,,,,,,,,,,,,,,,,,,,,,,,,,,,,,,,,,,,,,,,,,,,,,,,,,,,,Fike_2006,Yes,574.586904,
1408,,GSB,MQT,3910,MQT_3910,Khufai,pre,238,0,,limestone,,CA,0.68,-5.4,-31.72733333,32.41,21.03726934,-4.464287128,25.50155647,0.47035,0.784502813,310,,,,,,256.11,185.218,11380,450,87720,4230,200,6935.94912,2220,201630,,17.525,0.508,,1.58,48.879,134.843,,,,,,,,,0.30316226,,,,,,1.382748977,,,,,,,,,,,,,,,,,,,,,,,,,,,,,,,,,,,,,,,,,,,,,,,,,,,,,,,,,,,,,,,,,,,,,Fike_2006,Yes,574.5556657,41.38266238
971,,GSB,MQT,3908,MQT_3908,Khufai,pre,240,0,,limestone,,CA,,,-31.9464966,31.95,,,,,,,,,,,,,,,,,,,,,,,,,,,,,,,,,,,,,,,,,,,,,,,,,,,,,,,,,,,,,,,,,,,,,,,,,,,,,,,,,,,,,,,,,,,,,,,,,,,,,,,,,,,,,,,,Fike_2006,Yes,574.5244274,
1409,,GSB,MQT,3904,MQT_3904,Khufai,pre,244,0,,dolostone,,DL,,,-31.8105048,31.81,,,,,,,,,,,,180,,8100,1510,70200,5200,160,4790,2500,139000,,16.4,0.4,24,1.1,39,18.6,,,,,,,,,0.335564054,,,,,,,,,,,,,,,,,,,,,,,,,,,,,,,,,,,,,,,,,,,,,,,,,,,,,,,,,,,,,,,,,,,,,,,,,,,Fike_2006,Yes,574.4619509,
1410,,GSB,MQT,3900,MQT_3900,Khufai,pre,248,0,,dolostone,,DL,0.16,-3.7,-32.08933333,32.25,21.13626407,-5.812133995,26.94839806,0.41575,0.698115781,240,,,,,,218.844,336.144,12910,400,77540,4800,240,9386.75086,2200,165180,,25.063,0.509,,1.967,39.066,79.297,,,,,,,,,0.319462755,,,,,,0.65104241,,,,,,,,,,,,,,,,,,,,,,,,,,,,,,,,,,,,,,,,,,,,,,,,,,,,,,,,,,,,,,,,,,,,,Fike_2006,Yes,574.3994744,43.14893297
972,,GSB,MQT,3896,MQT_3896,Khufai,pre,252,0,,dolostone,,DL,,,-32.6317266,32.63,,,,,,,,,,,,188,,13100,1420,67000,6900,220,6790,2700,137000,,28.6,0.7,24,1.5,41,27.1,,,,,,,,,0.328431373,,,,,,,,,,,,,,,,,,,,,,,,,,,,,,,,,,,,,,,,,,,,,,,,,,,,,,,,,,,,,,,,,,,,,,,,,,,Fike_2006,Yes,574.3369978,
1411,,GSB,MQT,3890,MQT_3890,Khufai,pre,258,0,,dolostone,,DL,0.6,-5.63,-33.00166667,33.6,24.4403327,-1.529431999,25.9697647,0.57075,0.886052031,80,,,,,,301.328,388.635,16900,670,74260,8890,200,9375.71602,2850,205780,125.47221,51.787,0.824,,2.434,40.386,75.728,,,,,,,,,0.265176403,,,,,,0.775349621,,,,,,,,,,,,,,,,,,,,,,,,,,,,,,,,,,,,,,,,,,,,,,,,,,,,,,,,,,,,,,,,,,,,,Fike_2006,Yes,574.243283,53.39691368
70,,GSB,MQT,3886,MQT_3886,Khufai,pre,262,0,,dolostone,,DL,,,-32.5373757,32.54,,,,,,,,,,,,222,,14000,1290,53500,6700,240,6570,2000,151000,100,35.1,0.6,22,1.4,28,35.4,,,,,,,,,0.261613692,,,,,,,,,,,,,,,,,,,,,,,,,,,,,,,,,,,,,,,,,,,,,,,,,,,,,,,,,,,,,,,,,,,,,,,,,,,Fike_2006,Yes,574.1808065,
1412,,GSB,MQT,3882,MQT_3882,Khufai,pre,266,0,,dolostone,,DL,,,-31.9422798,31.94,,,,,,,,,,,,,,,,,,,,,,,,,,,,,,,,,,,,,,,,,,,,,,,,,,,,,,,,,,,,,,,,,,,,,,,,,,,,,,,,,,,,,,,,,,,,,,,,,,,,,,,,,,,,,,,,Fike_2006,Yes,574.11833,
973,,GSB,MQT,3880,MQT_3880,Khufai,pre,268,0,,dolostone,,DL,1.22,-6.62,-32.66104689,33.88,25.10480374,-1.515687185,26.62049092,0.5086,0.861249688,490,,,,,,297.117,473.443,13490,430,46970,7010,270,9360.85042,2250,214420,138.89656,39.35,0.555,,1.961,25.781,51.133,,,,,,,,,0.179693179,,,,,,0.627566571,,,,,,,,,,,,,,,,,,,,,,,,,,,,,,,,,,,,,,,,,,,,,,,,,,,,,,,,,,,,,,,,,,,,,Fike_2006,Yes,574.0870917,59.06417666
974,,GSB,MQT,3876,MQT_3876,Khufai,pre,272,0,,dolostone,,DL,1.92,-5.87,,,,,,,,,,,,,,289,,10300,1190,38000,5400,230,7070,1600,202000,,22,0.5,18,1.1,13,14.6,,,,,,,,,0.158333333,,,,,,,,,,,,,,,,,,,,,,,,,,,,,,,,,,,,,,,,,,,,,,,,,,,,,,,,,,,,,,,,,,,,,,,,,,,Fike_2006,Yes,574.0246152,54.74362002
975,,GSB,MQT,3872,MQT_3872,Khufai,pre,276,0,,dolostone,,DL,1.75,-5.92,,,,,,,,,,,,,,,,,,,,,,,,,,,,,,,,,,,,,,,,,,,,,,,,,,,,,,,,,,,,,,,,,,,,,,,,,,,,,,,,,,,,,,,,,,,,,,,,,,,,,,,,,,,,,,,,,,Fike_2006,Yes,573.9621386,55.02632821
1413,,GSB,MQT,3870,MQT_3870,Khufai,pre,278,0,,dolostone,,DL,1.36,-8.64,-31.721,33.08,26.72893285,-3.53867042,30.26760327,0.1986,0.627826875,250,,,,,,400.981,399.829,11650,440,50280,5650,260,8688.63163,2180,218910,,27.537,0.391,,1.86,11.518,42.254,,,,,,,,,0.18678257,,,,,,1.002881232,,,,,,,,,,,,,,,,,,,,,,,,,,,,,,,,,,,,,,,,,,,,,,,,,,,,,,,,,,,,,,,,,,,,,Fike_2006,Yes,573.9309004,71.626721
976,,GSB,MQT,3868,MQT_3868,Khufai,pre,280,0,,silty dolostone,,DL,1.91,-6.68,,,,,,,,,,,,,,335,,9800,1130,47600,4300,220,6790,1500,183000,,19,0.3,19,1,11,11.7,,,,,,,,,0.20641804,,,,,,,,,,,,,,,,,,,,,,,,,,,,,,,,,,,,,,,,,,,,,,,,,,,,,,,,,,,,,,,,,,,,,,,,,,,Fike_2006,Yes,573.8996621,59.41738909
1414,,GSB,MQT,3864,MQT_3864,Khufai,pre,284,0,,silty dolostone,,DL,2.08,-6.37,,,,,,,,,,,,,,351,,9400,1460,53700,4000,200,5830,1500,187000,,17.7,0.4,23,1.2,10,10.8,,,,,,,,,0.223099294,,,,,,,,,,,,,,,,,,,,,,,,,,,,,,,,,,,,,,,,,,,,,,,,,,,,,,,,,,,,,,,,,,,,,,,,,,,Fike_2006,Yes,573.8371856,57.6047054
977,,GSB,MQT,3860,MQT_3860,Khufai,pre,288,0,,silty dolostone,,DL,1.92,-6.39,-29.68671169,31.61,26.80621911,-1.753770027,28.55998913,0.22145,0.504470313,450,,,,,,269.648,253.453,7500,200,32670,2960,230,7847.30419,1230,114100,,10.741,0.279,,0.924,7.459,35.967,,,,,,,,,0.222593173,,,,,,1.063897448,,,,,,,,,,,,,,,,,,,,,,,,,,,,,,,,,,,,,,,,,,,,,,,,,,,,,,,,,,,,,,,,,,,,,Fike_2006,Yes,573.774709,57.72074243
1415,,GSB,MQT,3856,MQT_3856,Khufai,pre,292,0,,silty dolostone,,DL,2.19,-6.02,,,,,,,,,,,,,,286,,7400,1000,63400,3900,200,6690,1300,162000,,17.3,0.3,22,0.9,9,8.4,,,,,,,,,0.281277728,,,,,,,,,,,,,,,,,,,,,,,,,,,,,,,,,,,,,,,,,,,,,,,,,,,,,,,,,,,,,,,,,,,,,,,,,,,Fike_2006,Yes,573.7122325,55.59398824
978,,GSB,MQT,3852,MQT_3852,Khufai,pre,296,0,,silty dolostone,,DL,1.81,-3.71,,,,,,,,,,,,,,250,,8100,1290,71500,5200,190,9740,1500,128000,,23.9,0.3,23,1,11,11.1,,,,,,,,,0.35839599,,,,,,,,,,,,,,,,,,,,,,,,,,,,,,,,,,,,,,,,,,,,,,,,,,,,,,,,,,,,,,,,,,,,,,,,,,,Fike_2006,Yes,573.649756,43.19952123
1416,,GSB,MQT,3850,MQT_3850,Khufai,pre,298,0,,silty dolostone,,DL,1.95,-2.72,-30.012,31.96,28.01773749,-4.027273494,32.04501099,0.1599,0.470495781,540,,,,,,189.295,260.961,7130,230,46970,3290,220,13863.0841,910,83190,,15.771,0.222,,0.937,7.369,50.693,,,,,,,,,0.360863553,,,,,,0.725376589,,,,,,,,,,,,,,,,,,,,,,,,,,,,,,,,,,,,,,,,,,,,,,,,,,,,,,,,,,,,,,,,,,,,,Fike_2006,Yes,573.6185177,38.30836337
979,,GSB,MQT,3848,MQT_3848,Khufai,pre,300,0,,silty dolostone,,DL,1.47,-3.02,,,,,,,,,,,,,,231,,7500,1850,75500,5800,200,10770,1700,123000,,27,0.4,24,1,12,10.5,,,,,,,,,0.380352645,,,,,,,,,,,,,,,,,,,,,,,,,,,,,,,,,,,,,,,,,,,,,,,,,,,,,,,,,,,,,,,,,,,,,,,,,,,Fike_2006,Yes,573.5872794,39.76600346
1417,,GSB,MQT,3844,MQT_3844,Khufai,pre,304,0,,silty dolostone,,DL,2.27,-3.18,,,,,,,,,,,,,,156,,6000,1480,71000,4600,170,12480,1000,119000,,22.3,0.4,19,0.8,9,8.9,,,,,,,,,0.373684211,,,,,,,,,,,,,,,,,,,,,,,,,,,,,,,,,,,,,,,,,,,,,,,,,,,,,,,,,,,,,,,,,,,,,,,,,,,Fike_2006,Yes,573.5248029,40.55200974
980,,GSB,MQT,3840,MQT_3840,Khufai,pre,308,0,,silty dolostone,,DL,2.63,-3.66,-30.379,33.01,28.92662078,-6.194692025,35.12131281,0.11515,0.117647344,260,,,,,,134.327,228.027,5680,350,52830,3240,190,11247.3022,750,89020,,15.067,0.269,,0.906,10.206,82.803,,,,,,,,,0.372435671,,,,,,0.589083749,,,,,,,,,,,,,,,,,,,,,,,,,,,,,,,,,,,,,,,,,,,,,,,,,,,,,,,,,,,,,,,,,,,,,Fike_2006,Yes,573.4623263,42.9468274
1418,,GSB,MQT,3836,MQT_3836,Shuram,onset,312,0,,limestone/sdstone,,CA,1.83,-3.57,,,,,,,,,,,,,,163,,5900,1650,78600,4200,170,9220,1100,124000,,19.5,0.2,19,0.6,10,10.6,,,,,,,,,0.387956565,,,,,,,,,,,,,,,,,,,,,,,,,,,,,,,,,,,,,,,,,,,,,,,,,,,,,,,,,,,,,,,,,,,,,,,,,,,Fike_2006,Yes,573.3998498,31.32307877
981,,GSB,MQT,3832,MQT_3832,Shuram,onset,316,0,,limestone/sdstone,,CA,,,-25.5938874,25.59,,,,,,,,,,,,198,,7900,2280,75300,5500,180,9550,1400,117000,100,26.4,0.4,23,0.8,12,13.7,,,,,,,,,0.391575663,,,,,,,,,,,,,,,,,,,,,,,,,,,,,,,,,,,,,,,,,,,,,,,,,,,,,,,,,,,,,,,,,,,,,,,,,,,Fike_2006,Yes,573.3373733,
1419,,GSB,MQT,3830,MQT_3830,Shuram,onset,318,0,,limestone/sdstone,,CA,0.03,-4.94,-27.36933748,27.39,27.96070516,-10.69261259,38.65331775,0.1218,0.114933125,180,,,,,,134.887,228.712,5630,370,42310,2880,200,8086.21185,700,70590,,15.564,0.221,,0.694,5.996,52.682,,,,,,,,,0.374756422,,,,,,0.589767918,,,,,,,,,,,,,,,,,,,,,,,,,,,,,,,,,,,,,,,,,,,,,,,,,,,,,,,,,,,,,,,,,,,,,Fike_2006,Yes,573.306135,38.79022634
982,,GSB,MQT,3826,MQT_3826,Shuram,onset,322,0,,limestone/sdstone,,CA,-0.62,-4.54,-26.64994115,26.03,29.22315644,-9.064058393,38.28721483,,,5600,,,,,,268,,11200,1820,72800,6400,210,9490,1800,113000,200,25,0.6,28,1.1,15,21.3,,,,,,,,,0.39181916,,,,,,,,,,,,,,,,,,,,,,,,,,,,,,,,,,,,,,,,,,,,,,,,,,,,,,,,,,,,,,,,,,,,,,,,,,,Fike_2006,Yes,573.2436585,36.57137625
983,,GSB,MQT,3822,MQT_3822,Shuram,onset,326,0,,limestone/sdstone,,CA,,,-25.9553001,25.96,,,,,,,,,,,,272,,10600,2220,75800,6300,230,9880,1700,118000,200,27.9,0.5,30,1.3,15,18.5,,,,,,,,,0.391124871,,,,,,,,,,,,,,,,,,,,,,,,,,,,,,,,,,,,,,,,,,,,,,,,,,,,,,,,,,,,,,,,,,,,,,,,,,,Fike_2006,Yes,573.1811819,
1420,,GSB,MQT,3820,MQT_3820,Shuram,onset,328,0,,limestone/sdstone,,CA,-2.35,-5.55,-26.97731001,24.63,27.33557461,-8.854085935,36.18966055,,,370,,,,,,271.811,280.495,10130,760,66770,6450,270,9743.62345,1850,92350,250.08629,27.874,0.386,,2.219,19.254,40.732,,,,,,,,,0.419620412,,,,,,0.969040446,,,,,,,,,,,,,,,,,,,,,,,,,,,,,,,,,,,,,,,,,,,,,,,,,,,,,,,,,,,,,,,,,,,,,Fike_2006,Yes,573.1499437,42.23762654
69,,GSB,MQT,3818,MQT_3818,Shuram,onset,330,0,,limestone/sdstone,,CA,,,-26.4553197,26.46,,,,,,,,,,,,326,,11600,2860,70700,7000,220,7370,1800,106000,200,29,0.4,31,1.6,16,25.1,,,,,,,,,0.400113186,,,,,,,,,,,,,,,,,,,,,,,,,,,,,,,,,,,,,,,,,,,,,,,,,,,,,,,,,,,,,,,,,,,,,,,,,,,Fike_2006,Yes,573.1187054,
984,,GSB,MQT,3816,MQT_3816,Shuram,onset,332,0,,limestone/sdstone,,CA,-4.29,-5.94,-25.4339382,21.14,27.87614874,-9.515542008,37.39169075,,,3100,,,,,,398,,15300,1520,70500,7200,260,7310,1600,112000,200,28.2,0.5,30,1.6,18,29.4,,,,,,,,,0.38630137,,,,,,,,,,,,,,,,,,,,,,,,,,,,,,,,,,,,,,,,,,,,,,,,,,,,,,,,,,,,,,,,,,,,,,,,,,,Fike_2006,Yes,573.0874671,44.48305448
1421,,GSB,MQT,3812,MQT_3812,Shuram,onset,336,0,,limestone/sdstone,,CA,-3.14,-5,-27.23228105,24.09,28.11757758,-7.370954205,35.48853178,,,1700,,,,,,564,,16800,1200,64600,9200,360,4350,2200,98400,300,25.8,0.6,19,2.2,23,27.7,,,,,,,,,0.396319018,,,,,,,,,,,,,,,,,,,,,,,,,,,,,,,,,,,,,,,,,,,,,,,,,,,,,,,,,,,,,,,,,,,,,,,,,,,Fike_2006,Yes,573.0249906,39.12587649
985,,GSB,MQT,3810,MQT_3810,Shuram,onset,338,0,,limestone/sdstone,,CA,-3.54,-5.71,-28.34501164,24.8,27.01498296,-5.266339627,32.28132259,0.09565,0.045860938,1300,,,,,,539.778,130.763,16180,410,53590,8680,420,5423.53206,2630,79730,414.85474,22.349,0.626,,3.372,24.748,54.19,,,,,,,,,0.401965197,,,,,,4.1279108,,,,,,,,,,,,,,,,,,,,,,,,,,,,,,,,,,,,,,,,,,,,,,,,,,,,,,,,,,,,,,,,,,,,,Fike_2006,Yes,572.984127,43.15486964
1422,,GSB,MQT,3808,MQT_3808,Shuram,onset,340,0,,limestone/sdstone,,CA,,,-26.84202185,26.84,,,,,,,,,,,,698,,23500,920,61300,14300,420,3670,3700,95400,400,30.6,0.9,25,3.5,32,39.6,,,,,,,,,0.391193363,,,,,,,,,,,,,,,,,,,,,,,,,,,,,,,,,,,,,,,,,,,,,,,,,,,,,,,,,,,,,,,,,,,,,,,,,,,Fike_2006,Yes,572.9047619,
986,,GSB,MQT,3806,MQT_3806,Shuram,onset,342,0,,limestone/sdstone,,CA,-5.36,-5.74,-26.7539304,21.4,27.30718446,-3.651420022,30.95860448,0.0746,0.035565625,1900,,,,,,593.831,122.96,28480,650,51380,17520,460,3392.02984,4750,68920,499.06033,30.13,1.003,,5.269,41.606,50.343,,,,,,,,,0.427098919,,,,,,4.829464867,,,,,,,,,,,,,,,,,,,,,,,,,,,,,,,,,,,,,,,,,,,,,,,,,,,,,,,,,,,,,,,,,,,,,Fike_2006,Yes,572.8253968,43.3274635
1423,,GSB,MQT,3804,MQT_3804,Shuram,onset,344,0,,limestone/sdstone,,CA,-5.79,-5.51,,,,,,,,,,,,,,691.554,,29925,760,37190,17140,500,2723.52522,3755,64655,526.1065,33.4935,0.9415,,5.0145,42.8165,49.198,,,,,,,,,0.365162747,,,,,,,,,,,,,,,,,,,,,,,,,,,,,,,,,,,,,,,,,,,,,,,,,,,,,,,,,,,,,,,,,,,,,,,,,,,Fike_2006,Yes,572.7460317,42.00916934
987,,GSB,MQT,3802,MQT_3802,Shuram,onset,346,0,,limestone/sdstone,,CA,-6.44,-5.46,,,,,,,,,,,,,,535.289,,35510,650,30830,12350,540,2952.97161,3240,35900,554.29954,29.626,0.872,,5.263,41.607,52.157,,,,,,,,,0.462011089,,,,,,,,,,,,,,,,,,,,,,,,,,,,,,,,,,,,,,,,,,,,,,,,,,,,,,,,,,,,,,,,,,,,,,,,,,,Fike_2006,Yes,572.6666667,41.72407574
1424,,GSB,MQT,3800,MQT_3800,Shuram,peak,348,0,,limestone/sdstone,,CA,-8.09,-6.25,,,24.79064794,,,0.07035,0.033974531,,,,,,,705.168,114.898,32360,510,26130,15960,550,1437.2576,3170,24580,639.82468,33.873,0.934,,5.048,45.662,52.822,,,,,,,,,0.515282982,,,,,,6.137339205,,,,,,,,,,,,,,,,,,,,,,,,,,,,,,,,,,,,,,,,,,,,,,,,,,,,,,,,,,,,,,,,,,,,,Fike_2006,Yes,572.5873016,46.29145968
988,,GSB,MQT,3798,MQT_3798,Shuram,peak,350,0,,,,CA,,,,,,,,,,,,,,,,634.757,,37280,690,23520,19160,570,1622.66156,3900,26590,724.75701,31.078,1.021,,5.351,55.575,62.016,,,,,,,,,0.469367392,,,,,,,,,,,,,,,,,,,,,,,,,,,,,,,,,,,,,,,,,,,,,,,,,,,,,,,,,,,,,,,,,,,,,,,,,,,Fike_2006,Yes,572.5079365,
989,,GSB,MQT,3796,MQT_3796,Shuram,peak,352,0,,limestone/sdstone,,CA,-7.96,-6.25,,,,,,0.08445,0.039309375,,,,,,,680.997,121.796,28510,880,20360,20300,570,1676.82889,4760,33800,711.34048,31.344,1.086,,6.432,60.111,60.897,,,,,,,,,0.375923191,,,,,,5.591291996,,,,,,,,,,,,,,,,,,,,,,,,,,,,,,,,,,,,,,,,,,,,,,,,,,,,,,,,,,,,,,,,,,,,,Fike_2006,Yes,572.4285714,46.29145968
1425,,GSB,MQT,3794,MQT_3794,Shuram,peak,354,0,,,,CA,,,,,,,,,,,,,,,,638,,36100,1280,24400,20200,570,1960,5300,28500,800,32,1.1,35,5.6,50,59,,,,,,,,,0.461247637,,,,,,,,,,,,,,,,,,,,,,,,,,,,,,,,,,,,,,,,,,,,,,,,,,,,,,,,,,,,,,,,,,,,,,,,,,,Fike_2006,Yes,572.3492063,
990,,GSB,MQT,3790,MQT_3790,Shuram,peak,358,0,,limestone/sdstone,,CA,-8.89,-6.62,-25.3190616,16.43,25.08449026,,,0.06215,0.029482031,1300,,,,,,586.948,133.293,36430,560,26620,17070,620,2125.67003,4800,29350,753.83177,29.577,1.054,,6.558,56.083,57.148,,,,,,,,,0.475611935,,,,,,4.403442041,,,,,,,,,,,,,,,,,,,,,,,,,,,,,,,,,,,,,,,,,,,,,,,,,,,,,,,,,,,,,,,,,,,,,Fike_2006,Yes,572.1904762,48.47777209
1426,,GSB,MQT,3786,MQT_3786,Shuram,peak,362,0,,,,CA,,,,,,,,,,,,,,,,621,,34200,1610,22500,19100,570,2210,5200,28900,700,28.8,1,31,5.6,50,56.2,,,,,,,,,0.437743191,,,,,,,,,,,,,,,,,,,,,,,,,,,,,,,,,,,,,,,,,,,,,,,,,,,,,,,,,,,,,,,,,,,,,,,,,,,Fike_2006,Yes,572.031746,
1427,,GSB,MQT,3780,MQT_3780,Shuram,peak,368,0,,silty limestone,,CA,-7.8,-7.8,,,23.56030979,,,0.0819,0.042210781,,,,,,,455.506,916.943,19250,790,35680,9360,430,15335.03278,3760,135060,403.46418,30.043,0.752,,4.227,31.901,29.807,,,,,,,,,0.208972707,,,,,,0.496765884,,,,,,,,,,,,,,,,,,,,,,,,,,,,,,,,,,,,,,,,,,,,,,,,,,,,,,,,,,,,,,,,,,,,,Fike_2006,Yes,571.7936508,55.66043947
1428,,GSB,MQT,3770,MQT_3770,Shuram,peak,378,0,,calcareous shale,,CA,-9.8,-7.99,,,23.74288715,-7.813270608,31.55615776,0.0701,0.035378438,,,,,,,345.97,112.03,17410,380,11420,8840,620,3321.60457,2490,28360,801.19399,14.159,0.545,,2.955,23.603,27.585,,,,,,,,,0.287078934,,,,,,3.088190663,,,,,,,,,,,,,,,,,,,,,,,,,,,,,,,,,,,,,,,,,,,,,,,,,,,,,,,,,,,,,,,,,,,,,Fike_2006,Yes,571.3968254,56.84788767
991,,GSB,MQT,3762,MQT_3762,Shuram,peak,386,0,,calcareous shale,,CA,-9.11,-7.45,-26.164564,17.06,23.85814544,,,0.123,0.008423437,2500,,,,,,,,,,,,,,,,,,,,,,,,,,,,,,,,,,,,,,,,,,,,,,,,,,,,,,,,,,,,,,,,,,,,,,,,,,,,,,,,,,,,,,,,,,,,,,,,,,,,,,,,,,Fike_2006,Yes,571.0793651,53.49584314
992,,GSB,MQT,3760,MQT_3760,Shuram,peak,388,0,,calcareous shale,,CA,-10.52,-8.53,,,23.91996139,,,0.07835,0.034816875,,,,,,,784.368,185.093,30010,920,20630,16460,580,2262.22043,4750,52850,728.54784,28.83,1.039,,6.558,48.581,48.572,,,,,,,,,0.280756668,,,,,,4.237696725,,,,,,,,,,,,,,,,,,,,,,,,,,,,,,,,,,,,,,,,,,,,,,,,,,,,,,,,,,,,,,,,,,,,,Fike_2006,Yes,571,60.27132534
68,,GSB,MQT,3756,MQT_3756,Shuram,peak,392,0,,calcareous shale,,CA,-10.54,-8.48,-23.9881688,13.45,24.36195375,,,0.1062,0.004679688,280,,,,,,,,,,,,,,,,,,,,,,,,,,,,,,,,,,,,,,,,,,,,,,,,,,,,,,,,,,,,,,,,,,,,,,,,,,,,,,,,,,,,,,,,,,,,,,,,,,,,,,,,,,Fike_2006,Yes,570.9921415,59.9512803
1429,,GSB,MQT,3752,MQT_3752,Shuram,peak,396,0,,calcareous shale,,CA,-10.72,-8.45,-26.298972,15.58,24.97354174,,,0.13935,0.0104825,240,,,,,,,,,,,,,,,,,,,,,,,,,,,,,,,,,,,,,,,,,,,,,,,,,,,,,,,,,,,,,,,,,,,,,,,,,,,,,,,,,,,,,,,,,,,,,,,,,,,,,,,,,,Fike_2006,Yes,570.9842829,59.75955575
993,,GSB,MQT,3750,MQT_3750,Shuram,peak,398,0,,calcareous shale,,CA,-12.05,-9.19,-24.9630072,12.92,25.09225348,,,0.0604,0.030605156,400,,,,,,705.112,114.854,33580,640,18440,17180,600,1548.99159,5430,42220,804.52268,29.209,0.819,,6.944,46.898,51.45,,,,,,,,,0.303989449,,,,,,6.139202814,,,,,,,,,,,,,,,,,,,,,,,,,,,,,,,,,,,,,,,,,,,,,,,,,,,,,,,,,,,,,,,,,,,,,Fike_2006,Yes,570.9803536,64.5558521
1430,,GSB,MQT,3746,MQT_3746,Shuram,peak,402,0,,calcareous shale,,CA,-11.82,-9.18,-25.7339512,13.91,24.8736341,,,0.0967,0.011324844,3700,,,,,,,,,,,,,,,,,,,,,,,,,,,,,,,,,,,,,,,,,,,,,,,,,,,,,,,,,,,,,,,,,,,,,,,,,,,,,,,,,,,,,,,,,,,,,,,,,,,,,,,,,,Fike_2006,Yes,570.9724951,64.49009207
1431,,GSB,MQT,3742,MQT_3742,Shuram,peak,406,0,,calcareous shale,,CA,-11.93,-9.37,-24.4081304,12.48,23.89674063,,,0.12085,0.036501563,290,,,,,,,,,,,,,,,,,,,,,,,,,,,,,,,,,,,,,,,,,,,,,,,,,,,,,,,,,,,,,,,,,,,,,,,,,,,,,,,,,,,,,,,,,,,,,,,,,,,,,,,,,,Fike_2006,Yes,570.9646365,65.74404252
67,,GSB,MQT,3740,MQT_3740,Shuram,peak,408,0,,calcareous shale,,CA,-11.7,-9.24,,,24.62957918,,,0.06925,0.036969531,,,,,,,570.266,169.018,28380,680,16990,17340,590,4066.59572,4760,54430,804.51371,25.538,0.939,,6.26,48.788,49.717,,,,,,,,,0.237888547,,,,,,3.373995669,,,,,,,,,,,,,,,,,,,,,,,,,,,,,,,,,,,,,,,,,,,,,,,,,,,,,,,,,,,,,,,,,,,,,Fike_2006,Yes,570.9607073,64.88504681
994,,GSB,MQT,3736,MQT_3736,Shuram,peak,412,0,,calcareous shale,,CA,-10.96,-8.98,-25.0477096,14.09,24.32831205,,,0.08625,0.014319844,3900,,,,,,,,,,,,,,,,,,,,,,,,,,,,,,,,,,,,,,,,,,,,,,,,,,,,,,,,,,,,,,,,,,,,,,,,,,,,,,,,,,,,,,,,,,,,,,,,,,,,,,,,,,Fike_2006,Yes,570.9528487,63.18038712
1432,,GSB,MQT,3732,MQT_3732,Shuram,peak,416,0,,calcareous shale,,CA,-10.79,-8.68,-23.8126776,13.02,24.73903246,,,0.1229,0.016004531,3500,,,,,,,,,,,,,,,,,,,,,,,,,,,,,,,,,,,,,,,,,,,,,,,,,,,,,,,,,,,,,,,,,,,,,,,,,,,,,,,,,,,,,,,,,,,,,,,,,,,,,,,,,,Fike_2006,Yes,570.9449902,61.23525864
1433,,GSB,MQT,3730,MQT_3730,Shuram,peak,418,0,,calcareous shale,,CA,-10.66,-9.03,,,24.75219952,-6.813703921,31.56590344,0.0624,0.037063125,,,,,,,772.64,211.42,26140,650,18250,19520,560,2514.29501,4660,74270,729.91233,27.885,0.852,,5.723,49.621,50.286,,,,,,,,,0.197254648,,,,,,3.654526535,,,,,,,,,,,,,,,,,,,,,,,,,,,,,,,,,,,,,,,,,,,,,,,,,,,,,,,,,,,,,,,,,,,,,Fike_2006,Yes,570.9410609,63.50683513
995,,GSB,MQT,3726,MQT_3726,Shuram,peak,422,0,,calcareous shale,,CA,-8.92,-8.51,-26.2193416,17.3,24.46680617,,,0.1152,0.035378438,3400,,,,,,,,,,,,,,,,,,,,,,,,,,,,,,,,,,,,,,,,,,,,,,,,,,,,,,,,,,,,,,,,,,,,,,,,,,,,,,,,,,,,,,,,,,,,,,,,,,,,,,,,,,Fike_2006,Yes,570.9332024,60.14323162
1434,,GSB,MQT,3722,MQT_3722,Shuram,peak,426,0,,calcareous shale,,CA,-8.54,-7.93,-24.5004408,15.96,24.24919664,,,0.1207,0.0434275,4600,,,,,,,,,,,,,,,,,,,,,,,,,,,,,,,,,,,,,,,,,,,,,,,,,,,,,,,,,,,,,,,,,,,,,,,,,,,,,,,,,,,,,,,,,,,,,,,,,,,,,,,,,,Fike_2006,Yes,570.9253438,56.47195393
996,,GSB,MQT,3720,MQT_3720,Shuram,peak,428,0,,calcareous shale,,CA,-8.53,-7.41,,,23.1345821,,,0.0688,0.038654219,,,,,,,460.26,371.001,20040,550,14860,9780,580,8546.74062,3520,80440,625.20722,16.144,0.746,,4.747,32.848,33.5,,,,,,,,,0.155928646,,,,,,1.240589648,,,,,,,,,,,,,,,,,,,,,,,,,,,,,,,,,,,,,,,,,,,,,,,,,,,,,,,,,,,,,,,,,,,,,Fike_2006,Yes,570.9214145,53.25032221
997,,GSB,MQT,3716,MQT_3716,Shuram,peak,432,0,,calcareous shale,,CA,-7.9,-8,-25.7121416,17.81,24.1674837,,,0.1284,0.032570625,3500,,,,,,,,,,,,,,,,,,,,,,,,,,,,,,,,,,,,,,,,,,,,,,,,,,,,,,,,,,,,,,,,,,,,,,,,,,,,,,,,,,,,,,,,,,,,,,,,,,,,,,,,,,Fike_2006,Yes,570.913556,56.91062889
1435,,GSB,MQT,3712,MQT_3712,Shuram,peak,436,0,,calcareous shale,,CA,-7.69,-7.49,-25.781628,18.1,24.91217923,,,0.1072,0.070944063,7200,,,,,,426,,21400,1450,26700,12400,470,8940,4300,115000,500,22.3,0.7,30,3.9,33,35.3,,,,,,,,,0.195261438,,,,,,,,,,,,,,,,,,,,,,,,,,,,,,,,,,,,,,,,,,,,,,,,,,,,,,,,,,,,,,,,,,,,,,,,,,,Fike_2006,Yes,570.9056974,53.74174363
1436,,GSB,MQT,3706,MQT_3706,Shuram,peak,442,0,,calcareous shale,,CA,-7.2,-7.83,-26.126524,18.93,24.84638013,,,0.0915,0.100706875,4800,,,,,,465,,20400,1930,23900,12400,490,9340,4300,98500,500,23.7,0.6,30,3.9,35,38.3,,,,,,,,,0.188426253,,,,,,,,,,,,,,,,,,,,,,,,,,,,,,,,,,,,,,,,,,,,,,,,,,,,,,,,,,,,,,,,,,,,,,,,,,,Fike_2006,Yes,570.8939096,55.84734775
998,,GSB,MQT,3702,MQT_3702,Shuram,peak,446,0,,calcareous shale,,CA,-8.89,-8.09,-24.6678168,15.78,24.41913322,,,0.1229,0.02995,4600,,,,,,,,,,,,,,,,,,,,,,,,,,,,,,,,,,,,,,,,,,,,,,,,,,,,,,,,,,,,,,,,,,,,,,,,,,,,,,,,,,,,,,,,,,,,,,,,,,,,,,,,,,Fike_2006,Yes,570.8860511,57.47640388
1437,,GSB,MQT,3700,MQT_3700,Shuram,peak,448,0,,calcareous shale,,CA,-9.17,-7.52,,,24.15775172,,,0.0606,0.033974531,,,,,,,426.081,446.732,19160,450,15860,7850,600,8896.16118,2490,63920,699.6747,16.661,0.603,,3.573,28.056,31.781,,,,,,,,,0.198796691,,,,,,0.953773179,,,,,,,,,,,,,,,,,,,,,,,,,,,,,,,,,,,,,,,,,,,,,,,,,,,,,,,,,,,,,,,,,,,,,Fike_2006,Yes,570.8821218,53.92641861
1438,,GSB,MQT,3696,MQT_3696,Shuram,peak,452,0,,calcareous shale,,CA,-8.59,-8.11,,,,,,,,,,,,,,,,,,,,,,,,,,,,,,,,,,,,,,,,,,,,,,,,,,,,,,,,,,,,,,,,,,,,,,,,,,,,,,,,,,,,,,,,,,,,,,,,,,,,,,,,,,,,,,,,,,Fike_2006,Yes,570.8742633,57.60240216
1439,,GSB,MQT,3692,MQT_3692,Shuram,peak,456,0,,calcareous shale,,CA,-8.52,-7.7,-24.94982,16.43,24.77619232,,,0.1159,0.06663875,8300,,,,,,,,,,,,,,,,,,,,,,,,,,,,,,,,,,,,,,,,,,,,,,,,,,,,,,,,,,,,,,,,,,,,,,,,,,,,,,,,,,,,,,,,,,,,,,,,,,,,,,,,,,Fike_2006,Yes,570.8664047,55.0389834
66,,GSB,MQT,3690,MQT_3690,Shuram,peak,458,0,,calcareous shale,,CA,-8.08,-7.35,,,24.6009747,,,0.1037,0.078431563,7000,,,,,,443,,22400,910,15600,10400,490,6290,3500,90900,600,24.2,0.7,36,3.4,31,32,,,,,,,,,0.190535492,,,,,,,,,,,,,,,,,,,,,,,,,,,,,,,,,,,,,,,,,,,,,,,,,,,,,,,,,,,,,,,,,,,,,,,,,,,Fike_2006,Yes,570.8624754,52.88275058
536,,GSB,MQT,3686,MQT_3686,Shuram,peak,462,0,,calcareous shale,,CA,-7.58,-7.22,,,25.23981122,-12.50611252,37.74592374,0.1381,0.092283438,10900,,,,,,,,,,,,,,,,,,,,,,,,,,,,,,,,,,,,,,,,,,,,,,,,,,,,,,,,,,,,,,,,,,,,,,,,,,,,,,,,,,,,,,,,,,,,,,,,,,,,,,,,,,Fike_2006,Yes,570.8546169,52.08925428
1440,,GSB,MQT,3682,MQT_3682,Shuram,peak,466,0,,calcareous shale,,CA,-7.71,-7.72,-25.1308904,17.42,24.65760354,,,0.1499,0.084795938,6500,,,,,,,,,,,,,,,,,,,,,,,,,,,,,,,,,,,,,,,,,,,,,,,,,,,,,,,,,,,,,,,,,,,,,,,,,,,,,,,,,,,,,,,,,,,,,,,,,,,,,,,,,,Fike_2006,Yes,570.8467583,55.16308161
1441,,GSB,MQT,3680,MQT_3680,Shuram,peak,468,0,,calcareous shale,,CA,-8.78,-7.06,,,24.48181379,-12.05522859,36.53704238,0.076,0.042959531,,,,,,,511.31,138.396,35040,530,26300,10350,570,2238.66617,2720,34690,505.55314,24.089,0.704,,4.679,35.507,43.58,,,,,,,,,0.431218232,,,,,,3.694543195,,,,,,,,,,,,,,,,,,,,,,,,,,,,,,,,,,,,,,,,,,,,,,,,,,,,,,,,,,,,,,,,,,,,,Fike_2006,Yes,570.8428291,51.1180713
1442,,GSB,MQT,3676,MQT_3676,Shuram,peak,472,0,,calcareous shale,,CA,,,-25.8495928,25.85,,,,,,,,,,,,,,,,,,,,,,,,,,,,,,,,,,,,,,,,,,,,,,,,,,,,,,,,,,,,,,,,,,,,,,,,,,,,,,,,,,,,,,,,,,,,,,,,,,,,,,,,,,,,,,,,Fike_2006,Yes,570.8349705,
1443,,GSB,MQT,3670,MQT_3670,Shuram,peak,478,0,,calcareous shale,,CA,-10.05,-8.44,,,23.68370234,-9.347628762,33.0313311,,,4300,,,,,,528,,18100,1220,30600,10400,470,13090,3700,130000,400,15.6,0.7,21,4,33,43.7,,,,,,,,,0.146478873,,,,,,,,,,,,,,,,,,,,,,,,,,,,,,,,,,,,,,,,,,,,,,,,,,,,,,,,,,,,,,,,,,,,,,,,,,,Fike_2006,Yes,570.8231827,59.6956979
1444,,GSB,MQT,3662,MQT_3662,Shuram,peak,486,0,,calcareous shale,,CA,-9.32,-7.73,,,,,,,,,,,,,,260.875,315.77,4250,160,17670,2730,470,13642.98814,1030,90580,239.93958,8.423,0.148,,1.528,6.152,9.963,,,,,,,,,0.163233256,,,,,,0.826155113,,,,,,,,,,,,,,,,,,,,,,,,,,,,,,,,,,,,,,,,,,,,,,,,,,,,,,,,,,,,,,,,,,,,,Fike_2006,Yes,570.8074656,55.22516685
65,,GSB,MQT,3660,MQT_3660,Shuram,peak,488,0,,calcareous shale,,CA,-9.55,-7.66,-27.5071308,17.96,22.87140462,-15.2420476,38.11345222,,,5400,,,,,,433.429,281.741,17290,465,13935,7060,660,8066.8049,2985,76265,734.8387,14.003,0.6225,,4.1575,23.4255,63.1805,,,,,,,,,0.154490022,,,,,,1.538395193,,,,,,,,,,,,,,,,,,,,,,,,,,,,,,,,,,,,,,,,,,,,,,,,,,,,,,,,,,,,,,,,,,,,,Fike_2006,Yes,570.8035363,54.7910757
1445,,GSB,MQT,3658,MQT_3658,Shuram,peak,490,0,,calcareous shale,,CA,-9.71,-8.32,,,23.59952166,,,,,6900,,,,,,,,,,,,,,,,,,,,,,,,,,,,,,,,,,,,,,,,,,,,,,,,,,,,,,,,,,,,,,,,,,,,,,,,,,,,,,,,,,,,,,,,,,,,,,,,,,,,,,,,,,Fike_2006,Yes,570.7996071,58.93136004
999,,GSB,MQT,3656,MQT_3656,Shuram,peak,492,0,,calcareous shale,,CA,,,-25.5833343,25.58,,,,,,,,,,,,,,,,,,,,,,,,,,,,,,,,,,,,,,,,,,,,,,,,,,,,,,,,,,,,,,,,,,,,,,,,,,,,,,,,,,,,,,,,,,,,,,,,,,,,,,,,,,,,,,,,Fike_2006,Yes,570.7956778,
1000,,GSB,MQT,3652,MQT_3652,Shuram,peak,496,0,,calcareous shale,,CA,-8.71,-7.85,,,,,,,,,,,,,,,,,,,,,,,,,,,,,,,,,,,,,,,,,,,,,,,,,,,,,,,,,,,,,,,,,,,,,,,,,,,,,,,,,,,,,,,,,,,,,,,,,,,,,,,,,,,,,,,,,,Fike_2006,Yes,570.7878193,55.97207451
1446,,GSB,MQT,3650,MQT_3650,Shuram,peak,498,0,,silty limestone,,CA,-8.51,-6.99,,,22.66575272,,,0.097,0.028920469,,,,,,,429.083,802.133,17340,420,14220,6840,650,7967.12626,2870,77770,717.25522,13.758,0.595,,3.873,22.788,61.216,,,,,,,,,0.15458202,,,,,,0.512805233,,,,,,,,,,,,,,,,,,,,,,,,,,,,,,,,,,,,,,,,,,,,,,,,,,,,,,,,,,,,,,,,,,,,,Fike_2006,Yes,570.78389,50.69504913
1001,,GSB,MQT,3648,MQT_3648,Shuram,peak,500,0,,silty limestone,,CA,-7.7,-5.97,,,,,,,,,,,,,,437.775,639.718,17240,510,13650,7280,660,8166.48354,3100,74760,752.42217,14.248,0.65,,4.442,24.063,65.145,,,,,,,,,0.154394299,,,,,,0.696284926,,,,,,,,,,,,,,,,,,,,,,,,,,,,,,,,,,,,,,,,,,,,,,,,,,,,,,,,,,,,,,,,,,,,,Fike_2006,Yes,570.7799607,44.65714155
1447,,GSB,MQT,3644,MQT_3644,Shuram,peak,504,0,,silty limestone,,CA,,,-26.99649945,27,,,,,,,,,,,,,,,,,,,,,,,,,,,,,,,,,,,,,,,,,,,,,,,,,,,,,,,,,,,,,,,,,,,,,,,,,,,,,,,,,,,,,,,,,,,,,,,,,,,,,,,,,,,,,,,,Fike_2006,Yes,570.7721022,
1002,,GSB,MQT,3636,MQT_3636,Shuram,peak,512,0,,silty limestone,,CA,,,-25.7703335,25.77,,,,,,,,,,,,528,,15700,1440,11800,6500,610,5220,2500,160000,400,11,0.5,19,3,24,29.4,,,,,,,,,0.068684517,,,,,,,,,,,,,,,,,,,,,,,,,,,,,,,,,,,,,,,,,,,,,,,,,,,,,,,,,,,,,,,,,,,,,,,,,,,Fike_2006,Yes,570.7563851,
1448,,GSB,MQT,3630,MQT_3630,Shuram,peak,518,0,,silty limestone,,CA,-9.51,-8.17,-28.4515288,18.94,22.39886043,-13.61560245,36.01446287,0.0676,0.038747813,510,,,,,,441.073,310.467,10340,350,8890,4240,680,4969.30264,2100,148520,387.13637,7.835,0.412,,2.81,17.196,51.353,,,,,,,,,0.056476717,,,,,,1.420675949,,,,,,,,,,,,,,,,,,,,,,,,,,,,,,,,,,,,,,,,,,,,,,,,,,,,,,,,,,,,,,,,,,,,,Fike_2006,Yes,570.7445972,57.98098913
1003,,GSB,MQT,3626,MQT_3626,Shuram,peak,522,0,,silty limestone,,CA,,,-25.74340155,25.74,,,,,,,,,,,,,,,,,,,,,,,,,,,,,,,,,,,,,,,,,,,,,,,,,,,,,,,,,,,,,,,,,,,,,,,,,,,,,,,,,,,,,,,,,,,,,,,,,,,,,,,,,,,,,,,,Fike_2006,Yes,570.7367387,
1449,,GSB,MQT,3624,MQT_3624,Shuram,peak,524,0,,silty limestone,,CA,-9.23,-8.22,-27.07780345,17.85,24.2202342,-10.25818158,34.47841578,,,1900,,,,,,,,,,,,,,,,,,,,,,,,,,,,,,,,,,,,,,,,,,,,,,,,,,,,,,,,,,,,,,,,,,,,,,,,,,,,,,,,,,,,,,,,,,,,,,,,,,,,,,,,,,Fike_2006,Yes,570.7328094,58.29715849
1004,,GSB,MQT,3620,MQT_3620,Shuram,peak,528,0,,silty limestone,,CA,-8.39,-7.58,-27.9998686,19.61,22.4532534,-8.591323682,31.04457708,0.0743,0.053254844,700,,,,,,381.454,427.632,11920,320,13100,4940,440,10068.70309,2690,122600,360.69307,10.666,0.431,,3.152,21.209,57.67,,,,,,,,,0.096536478,,,,,,0.892014629,,,,,,,,,,,,,,,,,,,,,,,,,,,,,,,,,,,,,,,,,,,,,,,,,,,,,,,,,,,,,,,,,,,,,Fike_2006,Yes,570.7249509,54.29641206
64,,GSB,MQT,3616,MQT_3616,Shuram,peak,532,0,,silty limestone,,CA,-8.45,-7.51,,,,,,,,,,,,,,,,,,,,,,,,,,,,,,,,,,,,,,,,,,,,,,,,,,,,,,,,,,,,,,,,,,,,,,,,,,,,,,,,,,,,,,,,,,,,,,,,,,,,,,,,,,,,,,,,,,Fike_2006,Yes,570.7170923,53.86483648
1450,,GSB,MQT,3610,MQT_3610,Shuram,peak,538,0,,silty limestone,,CA,-8.46,-7.79,-29.64276792,21.18,21.95171226,-15.90928436,37.86099662,,,770,,,,,,463.408,361.924,10650,360,12570,4770,750,6384.33398,2750,153540,372.2767,10.009,0.463,,2.937,20.231,39.012,,,,,,,,,0.075672747,,,,,,1.28040141,,,,,,,,,,,,,,,,,,,,,,,,,,,,,,,,,,,,,,,,,,,,,,,,,,,,,,,,,,,,,,,,,,,,,Fike_2006,Yes,570.7053045,55.59818515
1005,,GSB,MQT,3606,MQT_3606,Shuram,peak,542,0,,silty limestone,,CA,-8.44,-7.88,,,,,,,,,,,,,,,,,,,,,,,,,,,,,,,,,,,,,,,,,,,,,,,,,,,,,,,,,,,,,,,,,,,,,,,,,,,,,,,,,,,,,,,,,,,,,,,,,,,,,,,,,,,,,,,,,,Fike_2006,Yes,570.697446,56.1593468
1006,,GSB,MQT,3600,MQT_3600,Shuram,peak,548,0,,silty limestone,,CA,-8.52,-9.18,,,23.03543804,-10.12964078,33.16507882,0.0574,0.029107656,,,,,,,582.387,467.038,11120,620,17660,5170,650,4769.06051,2570,217890,226.85226,8.364,0.436,,2.945,18.873,25.048,,,,,,,,,0.074973466,,,,,,1.246979903,,,,,,,,,,,,,,,,,,,,,,,,,,,,,,,,,,,,,,,,,,,,,,,,,,,,,,,,,,,,,,,,,,,,,Fike_2006,Yes,570.6856582,64.49009207
1451,,GSB,MQT,3596,MQT_3596,Shuram,peak,552,0,,silty limestone,,CA,-8.23,-7.27,,,,,,,,,,,,,,,,,,,,,,,,,,,,,,,,,,,,,,,,,,,,,,,,,,,,,,,,,,,,,,,,,,,,,,,,,,,,,,,,,,,,,,,,,,,,,,,,,,,,,,,,,,,,,,,,,,Fike_2006,Yes,570.6777996,52.39397536
1007,,GSB,MQT,3590,MQT_3590,Shuram,peak,558,0,,silty limestone,,CA,-8.33,-7.66,-24.44863535,16.12,23.76796753,-16.42014034,40.18810787,,,1500,,,,,,495,,8800,1230,14300,3500,610,3920,1600,183000,200,7.9,0.7,16,2.2,15,16.1,,,,,,,,,0.072478459,,,,,,,,,,,,,,,,,,,,,,,,,,,,,,,,,,,,,,,,,,,,,,,,,,,,,,,,,,,,,,,,,,,,,,,,,,,Fike_2006,Yes,570.6660118,54.7910757
1452,,GSB,MQT,3586,MQT_3586,Shuram,peak,562,0,,silty limestone,,CA,-8.15,-7.82,,,,,,,,,,,,,,,,,,,,,,,,,,,,,,,,,,,,,,,,,,,,,,,,,,,,,,,,,,,,,,,,,,,,,,,,,,,,,,,,,,,,,,,,,,,,,,,,,,,,,,,,,,,,,,,,,,Fike_2006,Yes,570.6581532,55.78502076
1008,,GSB,MQT,3580,MQT_3580,Shuram,rec,568,0,,silty limestone,,CA,-7.52,-7.71,-26.76478305,19.24,23.3750095,-15.70735986,39.08236936,,,1100,,,,,,361,,5900,1060,24200,4100,380,9700,2200,235000,,8.1,0.7,19,2.3,16,17,,,,,,,,,0.088050314,,,,,,,,,,,,,,,,,,,,,,,,,,,,,,,,,,,,,,,,,,,,,,,,,,,,,,,,,,,,,,,,,,,,,,,,,,,Fike_2006,Yes,570.6463654,55.10102046
1453,,GSB,MQT,3576,MQT_3576,Shuram,rec,572,0,,silty limestone,,CA,-7.38,-7.13,-28.6525603,21.27,,,,,,,,,,,,,,,,,,,,,,,,,,,,,,,,,,,,,,,,,,,,,,,,,,,,,,,,,,,,,,,,,,,,,,,,,,,,,,,,,,,,,,,,,,,,,,,,,,,,,,,,,,,,,,,,Fike_2006,Yes,570.6385069,51.54223
1009,,GSB,MQT,3574,MQT_3574,Shuram,rec,572.556962,0,,silty limestone,,CA,-7.35,-7.36,,,23.6312688,-14.20658781,37.83785661,,,2400,,,,,,,,,,,,,,,,,,,,,,,,,,,,,,,,,,,,,,,,,,,,,,,,,,,,,,,,,,,,,,,,,,,,,,,,,,,,,,,,,,,,,,,,,,,,,,,,,,,,,,,,,,Fike_2006,Yes,570.6374126,52.94395348
1454,,GSB,MQT,3570,MQT_3570,Shuram,rec,578,0,,silty limestone,,CA,-7.25,-6.93,-28.62145215,21.37,23.01223622,-20.24213133,43.25436755,,,1100,,,,,,413,,6900,1400,19400,2900,610,5910,1700,212000,,6.5,0.5,18,1.4,9,10.9,,,,,,,,,0.083837511,,,,,,,,,,,,,,,,,,,,,,,,,,,,,,,,,,,,,,,,,,,,,,,,,,,,,,,,,,,,,,,,,,,,,,,,,,,Fike_2006,Yes,570.6267191,50.33335982
1010,,GSB,MQT,3566,MQT_3566,Shuram,rec,580.721519,0,,silty limestone,,CA,-7.08,-7.3,-28.8566273,21.78,22.54149369,-14.89605999,37.43755368,,,1600,,,,,,,,,,,,,,,,,,,,,,,,,,,,,,,,,,,,,,,,,,,,,,,,,,,,,,,,,,,,,,,,,,,,,,,,,,,,,,,,,,,,,,,,,,,,,,,,,,,,,,,,,,Fike_2006,Yes,570.6213723,52.57708962
63,,GSB,MQT,3564,MQT_3564,Shuram,rec,586.164557,0,,silty limestone,,CA,-7.07,-6.62,,,,,,,,,,,,,,,,,,,,,,,,,,,,,,,,,,,,,,,,,,,,,,,,,,,,,,,,,,,,,,,,,,,,,,,,,,,,,,,,,,,,,,,,,,,,,,,,,,,,,,,,,,,,,,,,,,Fike_2006,Yes,570.6106787,48.47777209
1455,,GSB,MQT,3560,MQT_3560,Shuram,rec,591.6075949,0,,silty limestone,,CA,-7.12,-7.63,,,21.17064071,-20.1903551,41.36099581,0.08515,0.062895,,,,,,,495,,8800,1210,20800,4700,680,7660,2500,214000,100,9.5,0.6,20,2,11,13,,,,,,,,,0.088586031,,,,,,,,,,,,,,,,,,,,,,,,,,,,,,,,,,,,,,,,,,,,,,,,,,,,,,,,,,,,,,,,,,,,,,,,,,,Fike_2006,Yes,570.5999851,54.60539711
1011,,GSB,MQT,3556,MQT_3556,Shuram,rec,599.7721519,0,,silty limestone,,CA,-6.92,-6.27,,,,,,,,,,,,,,,,,,,,,,,,,,,,,,,,,,,,,,,,,,,,,,,,,,,,,,,,,,,,,,,,,,,,,,,,,,,,,,,,,,,,,,,,,,,,,,,,,,,,,,,,,,,,,,,,,,Fike_2006,Yes,570.5839447,46.40885784
1012,,GSB,MQT,3550,MQT_3550,Shuram,rec,605.2151899,0,,silty limestone,,CA,-6.81,-6.61,-30.8404408,24.03,22.28684875,-22.47795388,44.76480263,,,1300,,,,,,360.489,1310,9940,300,18890,4650,530,12943.39678,2730,168800,193.77964,13.021,0.431,,2.471,11.729,46.065,,,,,,,,,0.10064468,,,,,,0.275182443,,,,,,,,,,,,,,,,,,,,,,,,,,,,,,,,,,,,,,,,,,,,,,,,,,,,,,,,,,,,,,,,,,,,,Fike_2006,Yes,570.5732511,48.41827837
62,,GSB,MQT,3546,MQT_3546,Shuram,rec,613.3797468,0,,silty limestone,,CA,-6.66,-7.08,,,,,,,,,,,,,,,,,,,,,,,,,,,,,,,,,,,,,,,,,,,,,,,,,,,,,,,,,,,,,,,,,,,,,,,,,,,,,,,,,,,,,,,,,,,,,,,,,,,,,,,,,,,,,,,,,,Fike_2006,Yes,570.5572107,51.23914332
1013,,GSB,MQT,3540,MQT_3540,Shuram,rec,618.8227848,0,,silty limestone,,CA,-6.55,-7.06,-29.0486961,22.5,23.70014204,-16.43339263,40.13353467,,,1600,,,,,,257,,7600,1220,29700,5100,370,10660,2600,220000,,15,0.7,24,1.7,12,13.1,,,,,,,,,0.118942731,,,,,,,,,,,,,,,,,,,,,,,,,,,,,,,,,,,,,,,,,,,,,,,,,,,,,,,,,,,,,,,,,,,,,,,,,,,Fike_2006,Yes,570.5465171,51.1180713
61,,GSB,MQT,3536,MQT_3536,Shuram,rec,626.9873418,0,,silty limestone,,CA,-6.9,-6.68,,,,,,,,,,,,,,,,,,,,,,,,,,,,,,,,,,,,,,,,,,,,,,,,,,,,,,,,,,,,,,,,,,,,,,,,,,,,,,,,,,,,,,,,,,,,,,,,,,,,,,,,,,,,,,,,,,Fike_2006,Yes,570.5304767,48.8352098
1456,,GSB,MQT,3530,MQT_3530,Shuram,rec,632.4303797,0,,silty limestone,,CA,-6.77,-6.66,-29.7853236,23.02,23.383476,-17.81537846,41.19885446,,,560,,,,,,219,,9400,1270,16800,4100,640,7080,2000,174000,200,11.7,0.5,24,1.5,10,11.3,,,,,,,,,0.093364198,,,,,,,,,,,,,,,,,,,,,,,,,,,,,,,,,,,,,,,,,,,,,,,,,,,,,,,,,,,,,,,,,,,,,,,,,,,Fike_2006,Yes,570.5197831,48.71597325
287,,GSB,MQT,3526,MQT_3526,Shuram,rec,640.5949367,0,,silty limestone,,CA,-6.53,-6.53,,,,,,,,,,,,,,,,,,,,,,,,,,,,,,,,,,,,,,,,,,,,,,,,,,,,,,,,,,,,,,,,,,,,,,,,,,,,,,,,,,,,,,,,,,,,,,,,,,,,,,,,,,,,,,,,,,Fike_2006,Yes,570.5037428,47.94314132
1014,,GSB,MQT,3520,MQT_3520,Shuram,rec,646.0379747,0,,silty limestone,,CA,-6.5,-6.6,-30.70365255,24.21,23.8163916,-14.53680606,38.35319766,,,1400,,,,,,172,,5000,570,93800,3100,150,17590,1500,185000,,9.6,0.4,23,1.3,9,9.6,,,,,,,,,0.109947644,,,,,,,,,,,,,,,,,,,,,,,,,,,,,,,,,,,,,,,,,,,,,,,,,,,,,,,,,,,,,,,,,,,,,,,,,,,Fike_2006,Yes,570.4930492,48.35880726
1015,,GSB,MQT,3516,MQT_3516,Shuram,rec,651.4810127,0,,silty limestone,,CA,-6.31,-6.36,,,,,,,,,,,,,,,,,,,,,,,,,,,,,,,,,,,,,,,,,,,,,,,,,,,,,,,,,,,,,,,,,,,,,,,,,,,,,,,,,,,,,,,,,,,,,,,,,,,,,,,,,,,,,,,,,,Fike_2006,Yes,570.4823556,46.93824856
60,,GSB,MQT,3512,MQT_3512,Shuram,rec,654.2025316,0,,silty limestone,,CA,-6.2,-6.81,,,,,,,,,,,,,,,,,,,,,,,,,,,,,,,,,,,,,,,,,,,,,,,,,,,,,,,,,,,,,,,,,,,,,,,,,,,,,,,,,,,,,,,,,,,,,,,,,,,,,,,,,,,,,,,,,,Fike_2006,Yes,570.4770088,49.61246474
1016,,GSB,MQT,3510,MQT_3510,Shuram,rec,659.6455696,0,,silty limestone,,CA,-6.02,-6.54,-31.3120523,25.29,23.3417724,-14.86594519,38.20771759,,,580,,,,,,132,,3700,840,26300,2100,310,8090,1100,272000,,9.6,0.4,18,0.8,6,7.6,,,,,,,,,0.088166276,,,,,,,,,,,,,,,,,,,,,,,,,,,,,,,,,,,,,,,,,,,,,,,,,,,,,,,,,,,,,,,,,,,,,,,,,,,Fike_2006,Yes,570.4663152,48.00245456
1457,,GSB,MQT,3506,MQT_3506,Shuram,rec,667.8101266,0,,silty limestone,,CA,-5.84,-7.03,,,,,,,,,,,,,,,,,,,,,,,,,,,,,,,,,,,,,,,,,,,,,,,,,,,,,,,,,,,,,,,,,,,,,,,,,,,,,,,,,,,,,,,,,,,,,,,,,,,,,,,,,,,,,,,,,,Fike_2006,Yes,570.4502748,50.93663718
1017,,GSB,MQT,3500,MQT_3500,Shuram,rec,675.9746835,0,,silty limestone,,CA,-6.08,-8.74,-31.56166667,25.48,22.10412101,-10.7135512,32.81767221,0.1035,0.110721406,600,,,,,,121.824,1300,3840,260,12940,1700,380,13365.08905,1040,224960,,6.708,0.17,,0.903,7.285,14.792,,,,,,,,,0.054392602,,,,,,0.093710769,,,,,,,,,,,,,,,,,,,,,,,,,,,,,,,,,,,,,,,,,,,,,,,,,,,,,,,,,,,,,,,,,,,,,Fike_2006,Yes,570.4342344,61.62243541
59,,GSB,MQT,3494,MQT_3494,Shuram,rec,681.4177215,0,,silty limestone,,CA,-5.9,-7.22,,,,,,,,,,,,,,,,,,,,,,,,,,,,,,,,,,,,,,,,,,,,,,,,,,,,,,,,,,,,,,,,,,,,,,,,,,,,,,,,,,,,,,,,,,,,,,,,,,,,,,,,,,,,,,,,,,Fike_2006,Yes,570.4235408,52.08925428
1018,,GSB,MQT,3490,MQT_3490,Shuram,rec,686.8607595,0,,silty limestone,,CA,-5.77,-6.64,-30.7151112,24.94,24.09682977,-13.58657764,37.68340741,,,1400,,,,,,,,,,,,,,,,,,,,,,,,,,,,,,,,,,,,,,,,,,,,,,,,,,,,,,,,,,,,,,,,,,,,,,,,,,,,,,,,,,,,,,,,,,,,,,,,,,,,,,,,,,Fike_2006,Yes,570.4128472,48.59682738
1019,,GSB,MQT,3486,MQT_3486,Shuram,rec,695.0253165,0,,silty limestone,,CA,-5.67,-6.44,,,,,,,,,,,,,,126,,3800,1170,36600,2700,300,17930,1300,233000,,13.4,0.2,26,0.6,7,7.4,,,,,,,,,0.135756677,,,,,,,,,,,,,,,,,,,,,,,,,,,,,,,,,,,,,,,,,,,,,,,,,,,,,,,,,,,,,,,,,,,,,,,,,,,Fike_2006,Yes,570.3968068,47.41033319
1458,,GSB,MQT,3480,MQT_3480,Shuram,rec,700.4683544,0,,silty limestone,,CA,-5.58,-7.22,-31.0425012,25.46,24.56038445,-9.404628447,33.9650129,,,2100,,,,,,,,,,,,,,,,,,,,,,,,,,,,,,,,,,,,,,,,,,,,,,,,,,,,,,,,,,,,,,,,,,,,,,,,,,,,,,,,,,,,,,,,,,,,,,,,,,,,,,,,,,Fike_2006,Yes,570.3861133,52.08925428
1459,,GSB,MQT,3476,MQT_3476,Shuram,rec,705.9113924,0,,silty limestone,,CA,-5.6,-6.7,-27.81481245,22.21,22.73456456,-10.11788891,32.85245347,0.1472,0.168936719,560,,,,,,118.624,1580,4450,370,34680,2940,260,23381.05891,1670,212680,,18.937,0.227,,1.143,10.728,14.653,,,,,,,,,0.140200517,,,,,,0.075078481,,,,,,,,,,,,,,,,,,,,,,,,,,,,,,,,,,,,,,,,,,,,,,,,,,,,,,,,,,,,,,,,,,,,,Fike_2006,Yes,570.3754197,48.95453712
58,,GSB,MQT,3472,MQT_3472,Shuram,rec,711.3544304,0,,silty limestone,,CA,-5.6,-7.27,,,,,,,,,,,,,,,,,,,,,,,,,,,,,,,,,,,,,,,,,,,,,,,,,,,,,,,,,,,,,,,,,,,,,,,,,,,,,,,,,,,,,,,,,,,,,,,,,,,,,,,,,,,,,,,,,,Fike_2006,Yes,570.3647261,52.39397536
1020,,GSB,MQT,3468,MQT_3468,Shuram,rec,716.7974684,0,,silty limestone,,CA,-5.33,-6.7,-29.5114073,24.18,23.85008457,-7.532273269,31.38235784,,,1900,,,,,,,,,,,,,,,,,,,,,,,,,,,,,,,,,,,,,,,,,,,,,,,,,,,,,,,,,,,,,,,,,,,,,,,,,,,,,,,,,,,,,,,,,,,,,,,,,,,,,,,,,,Fike_2006,Yes,570.3540325,48.95453712
57,,GSB,MQT,3464,MQT_3464,Shuram,rec,722.2405063,0,,silty dolostone,,DL,-5.5,-6.43,,,,,,,,,,,,,,,,,,,,,,,,,,,,,,,,,,,,,,,,,,,,,,,,,,,,,,,,,,,,,,,,,,,,,,,,,,,,,,,,,,,,,,,,,,,,,,,,,,,,,,,,,,,,,,,,,,Fike_2006,Yes,570.3433389,57.95319038
1021,,GSB,MQT,3460,MQT_3460,Shuram,rec,727.6835443,0,,silty dolostone,,DL,-5.39,-5.84,-27.3532855,21.97,23.91370049,-2.962722537,26.87642302,,,1500,,,,,,158,,5200,1190,52400,4500,490,18010,1900,197000,,25.6,0.2,34,1,10,10.5,,,,,,,,,0.21010425,,,,,,,,,,,,,,,,,,,,,,,,,,,,,,,,,,,,,,,,,,,,,,,,,,,,,,,,,,,,,,,,,,,,,,,,,,,Fike_2006,Yes,570.3326453,54.57435221
56,,GSB,MQT,3456,MQT_3456,Shuram,rec,735.8481013,0,,silty dolostone,,DL,-4.97,-5.3,,,,,,,,,,,,,,,,,,,,,,,,,,,,,,,,,,,,,,,,,,,,,,,,,,,,,,,,,,,,,,,,,,,,,,,,,,,,,,,,,,,,,,,,,,,,,,,,,,,,,,,,,,,,,,,,,,Fike_2006,Yes,570.3166049,51.57251603
1022,,GSB,MQT,3450,MQT_3450,Shuram,rec,744.0126582,0,,silty dolostone,,DL,-3.7,-1.38,-27.45818389,23.76,23.27833561,-11.50500147,34.78333708,0.1447,0.211709063,11700,,,,,,172.488,1070,6780,1100,79480,7140,330,39861.93681,2700,161200,111.16316,61.007,0.316,1.695,2.205,19.66,29.768,,,,,,,,,0.330231012,,,,,,0.161203738,,,,,,,,,,,,,,,,,,,,,,,,,,,,,,,,,,,,,,,,,,,,,,,,,,,,,,,,,,,,,,,,,,,,,Fike_2006,Yes,570.3005645,32.0425857
55,,GSB,MQT,3444,MQT_3444,Shuram,rec,749.4556962,0,,silty dolostone,,DL,-4.91,-2.17,,,,,,,,,,,,,,,,,,,,,,,,,,,,,,,,,,,,,,,,,,,,,,,,,,,,,,,,,,,,,,,,,,,,,,,,,,,,,,,,,,,,,,,,,,,,,,,,,,,,,,,,,,,,,,,,,,Fike_2006,Yes,570.2898709,35.6892097
1023,,GSB,MQT,3440,MQT_3440,Shuram,rec,754.8987342,0,,silty dolostone,,DL,-4.82,-2.16,-29.85134725,25.03,22.78383813,-13.65915155,36.44298969,,,3500,,,,,,82,,2700,1070,84500,1100,110,30960,500,205000,,6.8,,20,0.1,3,7,,,,,,,,,0.291882556,,,,,,,,,,,,,,,,,,,,,,,,,,,,,,,,,,,,,,,,,,,,,,,,,,,,,,,,,,,,,,,,,,,,,,,,,,,Fike_2006,Yes,570.2791773,35.64221166
54,,GSB,MQT,3436,MQT_3436,Shuram,rec,760.3417722,0,,silty dolostone,,DL,-4.74,-2.24,,,,,,,,,,,,,,,,,,,,,,,,,,,,,,,,,,,,,,,,,,,,,,,,,,,,,,,,,,,,,,,,,,,,,,,,,,,,,,,,,,,,,,,,,,,,,,,,,,,,,,,,,,,,,,,,,,Fike_2006,Yes,570.2684837,36.01881119
1024,,GSB,MQT,3432,MQT_3432,Shuram,rec,765.7848101,0,,silty dolostone,,DL,-4.81,-2.1,-31.03649905,26.23,22.85566587,-12.23278556,35.08845143,,,2300,,,,,,77,,3000,940,92100,1300,140,28890,600,213000,,10.6,0.1,22,0.1,3,8.5,,,,,,,,,0.30186824,,,,,,,,,,,,,,,,,,,,,,,,,,,,,,,,,,,,,,,,,,,,,,,,,,,,,,,,,,,,,,,,,,,,,,,,,,,Fike_2006,Yes,570.2577902,35.36068312
1460,,GSB,MQT,3428,MQT_3428,BuahBirba,rec,768.5063291,0,,dolostone,,DL,-4.33,-1.52,,,,,,,,,,,,,,,,,,,,,,,,,,,,,,,,,,,,,,,,,,,,,,,,,,,,,,,,,,,,,,,,,,,,,,,,,,,,,,,,,,,,,,,,,,,,,,,,,,,,,,,,,,,,,,,,,,Fike_2006,Yes,570.2524434,32.67920197
53,,GSB,MQT,3426,MQT_3426,BuahBirba,rec,776.6708861,0,,dolostone,,DL,-4.55,-1.87,-31.18433333,26.63,22.14380913,-12.3019367,34.44574583,0.1534,0.093125781,690,,,,,,72.313,1010,3060,380,76880,1540,150,35252.91482,660,185980,,11.973,0.148,,0.54,9.767,23.994,,,,,,,,,0.292475082,,,,,,0.07159703,,,,,,,,,,,,,,,,,,,,,,,,,,,,,,,,,,,,,,,,,,,,,,,,,,,,,,,,,,,,,,,,,,,,,Fike_2006,Yes,570.236403,34.28873528
1025,,GSB,MQT,3420,MQT_3420,BuahBirba,rec,782.1139241,0,,dolostone,,DL,-4.53,-3.58,-29.8289756,25.3,23.27710731,-13.56231266,36.83941997,,,3300,,,,,,,,,,,,,,,,,,,,,,,,,,,,,,,,,,,,,,,,,,,,,,,,,,,,,,,,,,,,,,,,,,,,,,,,,,,,,,,,,,,,,,,,,,,,,,,,,,,,,,,,,,Fike_2006,Yes,570.2257094,42.54380004
52,,GSB,MQT,3416,MQT_3416,BuahBirba,rec,787.556962,0,,dolostone,,DL,-4.5,-3.54,-29.4470206,24.95,22.70228136,-7.698992498,30.40127386,,,2400,,,,,,71,,2900,1240,81800,1900,170,25240,800,204000,,13.9,0.2,23,0.1,4,6.5,,,,,,,,,0.286214136,,,,,,,,,,,,,,,,,,,,,,,,,,,,,,,,,,,,,,,,,,,,,,,,,,,,,,,,,,,,,,,,,,,,,,,,,,,Fike_2006,Yes,570.2150158,42.34287568
537,,GSB,MQT,3412,MQT_3412,BuahBirba,rec,793,0,,dolostone,,DL,-4.46,-2.03,,,,,,,,,,,,,,,,,,,,,,,,,,,,,,,,,,,,,,,,,,,,,,,,,,,,,,,,,,,,,,,,,,,,,,,,,,,,,,,,,,,,,,,,,,,,,,,,,,,,,,,,,,,,,,,,,,Fike_2006,Yes,570.2043222,35.03322567
1461,,GSB,MQT,3408,MQT_3408,BuahBirba,rec,793,0,,dolostone,,DL,-4.42,-0.76,,,,,,,,,,,,,,45,,4660,280,28020,1200,160,2725.76513,590,280720,,9,0.1,19,,3,6.5,,,,,,,,,0.320453031,,,,,,,,,,,,,,,,,,,,,,,,,,,,,,,,,,,,,,,,,,,,,,,,,,,,,,,,,,,,,,,,,,,,,,,,,,,Fike_2006,Yes,570.2043222,29.27135843
1026,,GSB,MQT,3404,MQT_3404,BuahBirba,rec,800.5405405,0,,dolostone,,DL,-3.96,-1.49,-32.45191515,28.5,22.72961225,-13.93658606,36.66619831,,,5900,,,,,,,,,,,,,,,,,,,,,,,,,,,,,,,,,,,,,,,,,,,,,,,,,,,,,,,,,,,,,,,,,,,,,,,,,,,,,,,,,,,,,,,,,,,,,,,,,,,,,,,,,,Fike_2006,Yes,570.1895078,32.54244131
1027,,GSB,MQT,3400,MQT_3400,BuahBirba,rec,808.0810811,0,,dolostone,,DL,-3.54,-1.56,-31.056,27.52,20.76276539,-8.668869632,29.43163502,0.16505,0.037531094,3800,,,,,,51.018,2780,3580,390,71830,1360,130,54770.77818,730,204870,,10.114,,,0.643,3.111,17.119,,,,,,,,,0.259595229,,,,,,0.018351799,,,,,,,,,,,,,,,,,,,,,,,,,,,,,,,,,,,,,,,,,,,,,,,,,,,,,,,,,,,,,,,,,,,,,Fike_2006,Yes,570.1746934,32.86184178
51,,GSB,MQT,3396,MQT_3396,BuahBirba,rec,815.6216216,0,,dolostone,,DL,-3.46,-3.01,-30.21038495,26.75,22.63240234,-3.370484759,26.0028871,,,3300,,,,,,,,,,,,,,,,,,,,,,,,,,,,,,,,,,,,,,,,,,,,,,,,,,,,,,,,,,,,,,,,,,,,,,,,,,,,,,,,,,,,,,,,,,,,,,,,,,,,,,,,,,Fike_2006,Yes,570.1598789,39.7170782
1028,,GSB,MQT,3380,MQT_3380,BuahBirba,rec,845.7837838,0,,dolostone,,DL,-1.63,-2.67,-29.2865995,27.65,21.41799445,-10.60229901,32.02029346,,,1400,,,,,,,,,,,,,,,,,,,,,,,,,,,,,,,,,,,,,,,,,,,,,,,,,,,,,,,,,,,,,,,,,,,,,,,,,,,,,,,,,,,,,,,,,,,,,,,,,,,,,,,,,,Fike_2006,Yes,570.1006212,38.06744039
1029,,GSB,MQT,3376,MQT_3376,BuahBirba,rec,853.3243243,0,,dolostone,,DL,-0.65,-1.59,-27.6321353,26.98,21.10323987,-12.07731198,33.18055185,0.1299,0.182507813,1100,,,,,,140.062,2960,7660,1200,93180,6470,190,40329.7656,2510,164500,,73.358,0.303,1.634,1.967,16.69,43.344,,,,,,,,,0.361611301,,,,,,0.047318243,,,,,,,,,,,,,,,,,,,,,,,,,,,,,,,,,,,,,,,,,,,,,,,,,,,,,,,,,,,,,,,,,,,,,Fike_2006,Yes,570.0858068,32.99904138
1030,,GSB,MQT,3360,MQT_3360,BuahBirba,rec,883.4864865,0,,dolostone,,DL,-0.04,-3.32,-25.3036518,25.26,21.30679152,-5.600105642,26.90689716,,,2000,,,,,,61,,2400,1480,78000,1500,70,38610,700,171000,,35.1,,26,,4,6.5,,,,,,,,,0.313253012,,,,,,,,,,,,,,,,,,,,,,,,,,,,,,,,,,,,,,,,,,,,,,,,,,,,,,,,,,,,,,,,,,,,,,,,,,,Fike_2006,Yes,570.0265491,41.24475054
1031,,GSB,MQT,3350,MQT_3350,BuahBirba,post,902.3378378,0,,silty dolostone,,DL,0.91,-2.83,,,20.7200963,-11.92279537,32.64289167,0.05535,0.073658281,160,,,,,,118.109,2920,3840,750,85420,2600,120,35682.94335,1200,153460,,50.081,0.144,1.107,0.927,6.402,39.68,,,,,,,,,0.357585399,,,,,,0.040448288,,,,,,,,,,,,,,,,,,,,,,,,,,,,,,,,,,,,,,,,,,,,,,,,,,,,,,,,,,,,,,,,,,,,,Fike_2006,Yes,569.7562631,38.84041232
1462,,GSB,MQT,3340,MQT_3340,BuahBirba,post,921.1891892,0,,silty dolostone,,DL,0.98,-1.1,,,24.06066405,,,,,1900,,,,,,148,,4500,2230,100000,3800,140,26130,1500,135000,,48.1,0.3,70,0.5,9,10.2,,,,,,,,,0.425531915,,,,,,,,,,,,,,,,,,,,,,,,,,,,,,,,,,,,,,,,,,,,,,,,,,,,,,,,,,,,,,,,,,,,,,,,,,,Fike_2006,Yes,568.9682498,30.78145309
1032,,GSB,MQT,3326,MQT_3326,BuahBirba,post,947.5810811,0,,silty dolostone,,DL,1.08,0.16,-28.06618435,29.15,23.81853936,-12.57690841,36.39544778,0.1223,0.117460156,940,,,,,,85.861,2090,4520,790,98690,3990,170,27722.54022,1450,119420,,51.528,0.186,1.99,0.826,7.881,25.1,,,,,,,,,0.452478107,,,,,,0.041081818,,,,,,,,,,,,,,,,,,,,,,,,,,,,,,,,,,,,,,,,,,,,,,,,,,,,,,,,,,,,,,,,,,,,,Fike_2006,Yes,568.6022041,25.29788355
1033,,GSB,MQT,3320,MQT_3320,BuahBirba,post,958.8918919,0,,silty dolostone,,DL,1.3,0.99,,,24.30439778,-11.39511004,35.69950782,,,2500,,,,,,,,,,,,,,,,,,,,,,,,,,,,,,,,,,,,,,,,,,,,,,,,,,,,,,,,,,,,,,,,,,,,,,,,,,,,,,,,,,,,,,,,,,,,,,,,,,,,,,,,,,Fike_2006,Yes,568.4453274,21.84730974
1034,,GSB,MQT,3300,MQT_3300,BuahBirba,post,996.5945946,0,,silty dolostone,,DL,-0.6,-0.44,-28.22733333,27.63,24.64299263,-9.243482952,33.88647558,0.11455,0.118021719,1500,,,,,,160.189,1250,11545,1425,93335,11825,240,43814.76901,6035,102890,184.58962,60.665,0.6755,2.683,3.696,18.1505,38.561,,,,,,,,,0.475652949,,,,,,0.1281512,,,,,,,,,,,,,,,,,,,,,,,,,,,,,,,,,,,,,,,,,,,,,,,,,,,,,,,,,,,,,,,,,,,,,Fike_2006,Yes,566.7233811,27.87092156
1035,,GSB,MQT,3280,MQT_3280,BuahBirba,post,1034.297297,0,,silty dolostone,,DL,1.46,-0.6,,,25.26676246,-13.65051389,38.91727636,,,2300,,,,,,180,,13100,1720,90100,14200,190,21120,6700,121000,200,71.5,0.5,80,2.2,24,25.3,,,,,,,,,0.426811937,,,,,,,,,,,,,,,,,,,,,,,,,,,,,,,,,,,,,,,,,,,,,,,,,,,,,,,,,,,,,,,,,,,,,,,,,,,Fike_2006,Yes,558.1200799,28.56864641
1036,,GSB,MQT,3276,MQT_3276,BuahBirba,post,1041.837838,0,,silty dolostone,,DL,2.41,-0.46,-27.166,29.58,24.63948565,-13.74651416,38.38599981,0.1223,0.200945781,270,,,,,,183.37,991.339,12350,750,79720,12500,210,24195.48416,6420,128580,160.20032,72.77,0.666,1.695,5.546,24.823,42.473,,,,,,,,,0.382717235,,,,,,0.184972043,,,,,,,,,,,,,,,,,,,,,,,,,,,,,,,,,,,,,,,,,,,,,,,,,,,,,,,,,,,,,,,,,,,,,Fike_2006,Yes,556.3994195,27.95786644
1463,,GSB,MQT,3260,MQT_3260,BuahBirba,post,1072,0,,silty dolostone,,DL,7.1,0.45,-26.047113,33.15,24.90576862,-18.63242631,43.53819493,,,1200,,,,,,72,,4000,1270,83800,1700,80,30590,800,176000,,44,0.1,19,,6,8.3,,,,,,,,,0.322555812,,,,,,,,,,,,,,,,,,,,,,,,,,,,,,,,,,,,,,,,,,,,,,,,,,,,,,,,,,,,,,,,,,,,,,,,,,,Fike_2006,Yes,550.873746,24.07821225
1464,,GSB,MQT,3250,MQT_3250,BuahBirba,post,1082,0,,silty dolostone,,DL,6.14,0.46,-26.318,32.46,24.96388915,-23.70184072,48.66572987,,,1400,,,,,,82.539,868.757,4500,460,56160,2230,120,39073.58527,1100,133440,,31.692,,,0.924,3.032,18.776,,,,,,,,,0.296202532,,,,,,0.095008155,,,,,,,,,,,,,,,,,,,,,,,,,,,,,,,,,,,,,,,,,,,,,,,,,,,,,,,,,,,,,,,,,,,,,Fike_2006,Yes,550.6795091,24.03642716
1037,,GSB,MQT,3240,MQT_3240,BuahBirba,post,1092,0,,silty dolostone,,DL,4.24,-0.56,-25.4033844,29.65,25.43868839,-14.08720557,39.52589396,0.07095,0.0344425,3800,,,,,,131,,6400,1290,91200,4900,180,20910,1900,172000,,40.8,0.4,25,0.6,11,13.8,,,,,,,,,0.346504559,,,,,,,,,,,,,,,,,,,,,,,,,,,,,,,,,,,,,,,,,,,,,,,,,,,,,,,,,,,,,,,,,,,,,,,,,,,Fike_2006,Yes,550.4852721,28.39374995
1465,,GSB,MQT,3228,MQT_3228,BuahBirba,post,1104,0,,silty dolostone,,DL,4.53,0.63,-24.1098828,28.64,23.96165848,-24.51761691,48.47927539,,,1700,,,,,,227,,12500,2680,76700,11500,400,26550,4500,143000,200,77.1,0.8,38,1.7,20,19.4,,,,,,,,,0.349112426,,,,,,,,,,,,,,,,,,,,,,,,,,,,,,,,,,,,,,,,,,,,,,,,,,,,,,,,,,,,,,,,,,,,,,,,,,,Fike_2006,Yes,550.2521878,23.32882959
1466,,GSB,MQT,3226,MQT_3226,BuahBirba,post,1106,0,,silty dolostone,,DL,6.46,0.22,-25.919,32.38,24.69381734,-24.88664911,49.58046645,0.06135,0.242875781,810,,,,,,108.81,1010,4680,320,67340,2550,120,18969.87567,1090,148700,,29.458,0.151,,0.531,5.953,20.444,,,,,,,,,0.311701537,,,,,,0.107732673,,,,,,,,,,,,,,,,,,,,,,,,,,,,,,,,,,,,,,,,,,,,,,,,,,,,,,,,,,,,,,,,,,,,,Fike_2006,Yes,550.2133404,25.04427683
1038,,GSB,MQT,3224,MQT_3224,BuahBirba,post,1108,0,,silty dolostone,,DL,5.56,-0.3,-25.9307583,31.49,25.98195363,-23.95348289,49.93543651,,,3700,,,,,,,,,,,,,,,,,,,,,,,,,,,,,,,,,,,,,,,,,,,,,,,,,,,,,,,,,,,,,,,,,,,,,,,,,,,,,,,,,,,,,,,,,,,,,,,,,,,,,,,,,,Fike_2006,Yes,550.1744931,27.26445738
1039,,GSB,MQT,3220,MQT_3220,BuahBirba,post,1112,0,,silty dolostone,,DL,6.02,0.22,-25.8003,31.82,25.50817073,-6.747496386,32.25566711,,,1900,,,,,,170,,6200,1390,96200,4500,260,24580,1900,196000,,31.9,0.2,25,0.3,10,10.6,,,,,,,,,0.329226557,,,,,,,,,,,,,,,,,,,,,,,,,,,,,,,,,,,,,,,,,,,,,,,,,,,,,,,,,,,,,,,,,,,,,,,,,,,Fike_2006,Yes,550.0967983,25.04427683
1467,,GSB,MQT,3216,MQT_3216,BuahBirba,post,1116,0,,silty dolostone,,DL,5.26,0.05,-25.4597988,30.72,25.15445284,-25.93713952,51.09159236,,,1800,,,,,,192,,7900,1470,86000,5600,190,14400,2000,159000,,39.1,0.4,28,0.5,11,12.7,,,,,,,,,0.34257285,,,,,,,,,,,,,,,,,,,,,,,,,,,,,,,,,,,,,,,,,,,,,,,,,,,,,,,,,,,,,,,,,,,,,,,,,,,Fike_2006,Yes,550.0191035,25.76455439
1040,,GSB,MQT,3212,MQT_3212,BuahBirba,post,1120,0,,silty dolostone,,DL,5.94,-0.41,-25.5475026,31.49,25.40885265,-23.26529028,48.67414292,,,1300,,,,,,,,,,,,,,,,,,,,,,,,,,,,,,,,,,,,,,,,,,,,,,,,,,,,,,,,,,,,,,,,,,,,,,,,,,,,,,,,,,,,,,,,,,,,,,,,,,,,,,,,,,Fike_2006,Yes,549.9414088,27.7406486
1468,,GSB,MQT,3210,MQT_3210,BuahBirba,post,1122,0,,silty dolostone,,DL,6.32,-1.02,-25.613931,31.93,25.51172681,-23.7139037,49.22563051,,,1100,,,,,,137,,5500,1330,92000,3000,110,29560,1200,196000,,26.4,0.3,27,0.2,9,10.3,,,,,,,,,0.319444444,,,,,,,,,,,,,,,,,,,,,,,,,,,,,,,,,,,,,,,,,,,,,,,,,,,,,,,,,,,,,,,,,,,,,,,,,,,Fike_2006,Yes,549.9025614,30.42405575
1041,,GSB,MQT,3208,MQT_3208,BuahBirba,post,1124,0,,silty dolostone,,DL,4.67,-1.24,-26.696886,31.36,26.00651655,-24.10158975,50.1081063,,,830,,,,,,,,,,,,,,,,,,,,,,,,,,,,,,,,,,,,,,,,,,,,,,,,,,,,,,,,,,,,,,,,,,,,,,,,,,,,,,,,,,,,,,,,,,,,,,,,,,,,,,,,,,Fike_2006,Yes,549.863714,31.41001691
1469,,GSB,MQT,3206,MQT_3206,BuahBirba,post,1126,0,,silty dolostone,,DL,4.8,-1.25,-26.2108155,31.01,26.1885081,-24.1087739,50.297282,,,430,,,,,,159,,4800,1040,27300,3100,390,10290,1800,221000,,12,0.2,17,0.1,10,6.8,,,,,,,,,0.336441894,,,,,,,,,,,,,,,,,,,,,,,,,,,,,,,,,,,,,,,,,,,,,,,,,,,,,,,,,,,,,,,,,,,,,,,,,,,Fike_2006,Yes,549.8248666,31.45506708
1470,,GSB,MQT,3204,MQT_3204,BuahBirba,post,1128,0,,silty dolostone,,DL,3.32,-1.48,-26.616294,29.94,26.2332285,-18.77712015,45.01034865,,,1800,,,,,,222,,6000,660,97200,3600,130,12220,1700,190000,,13.3,0.2,20,0.3,11,8.2,,,,,,,,,0.338440111,,,,,,,,,,,,,,,,,,,,,,,,,,,,,,,,,,,,,,,,,,,,,,,,,,,,,,,,,,,,,,,,,,,,,,,,,,,Fike_2006,Yes,549.7860192,32.4968961
1471,,GSB,MQT,3202,MQT_3202,BuahBirba,post,1130,0,,silty dolostone,,DL,2.68,-1.99,,,25.79239882,,,0.10015,0.0344425,,,,,,,209.336,529.698,5180,170,68330,2260,160,8256.9906,1200,136340,,9.294,0.196,,0.535,6.834,6.713,,,,,,,,,0.333854497,,,,,,0.395198774,,,,,,,,,,,,,,,,,,,,,,,,,,,,,,,,,,,,,,,,,,,,,,,,,,,,,,,,,,,,,,,,,,,,,Fike_2006,Yes,549.7471718,34.84658491
1472,,GSB,MQT,3200,MQT_3200,BuahBirba,post,1132,0,,silty dolostone,,DL,2.42,-1.8,-26.762,29.18,24.74179669,-25.53243065,50.27422735,,,860,,,,,,254.563,601.11,8080,450,71930,3700,170,14214.19553,1770,139670,,21.265,0.307,,1.565,7.859,26.431,,,,,,,,,0.339933837,,,,,,0.423488213,,,,,,,,,,,,,,,,,,,,,,,,,,,,,,,,,,,,,,,,,,,,,,,,,,,,,,,,,,,,,,,,,,,,,Fike_2006,Yes,549.7083244,33.96475029
1473,,GSB,MQT,3196,MQT_3196,BuahBirba,post,1136,0,,,,DL,,,,,,,,,,,,,,,,287,,7400,1700,96400,5600,250,21660,2200,185000,,19.7,0.3,23,0.5,11,12.8,,,,,,,,,0.351020408,,,,,,,,,,,,,,,,,,,,,,,,,,,,,,,,,,,,,,,,,,,,,,,,,,,,,,,,,,,,,,,,,,,,,,,,,,,Fike_2006,Yes,549.6306297,