section_base,section_top,section_thickness,CompositeHeight,RefSec_CompositeHeight,Formation,Min,OrigMin,GrainSize,Dunham,Facies,LFA,More,Features,Notes,Section,Peritidal ,Storm,Silt,Msfall T-R cycrles,Medium T-R cycrles,Large T-R cycrles,BEDDING,LAMIE,FEATURES,LITHOLOGY,Quartz Sand,Anhydrite Laths,Pisoids,Irregular Lamie,Irregular Stroms,Fenestrae,DoMfal Stroms,Msfall Stroms/Tall Stroms,Ooids,Xbedded Grainstones,Conophyton Stroms,Medium Stroms,Large DoMfal Stroms,Edgewise Conglomerate,Crinkly laminites 
0,2.25,2.25,0,0,Khufai,CA,CA,,si,Si,,si,,,MD6, , ,silt,,,,,,,,,,,,,,,,,,,,,,
2.25,11.78,9.54,2.25,2.25,Khufai,CA,CA,,w,Wic,,ic w,ic,,MD6, ,storm, ,,,,,,,,,,,,,,,,,,,,,,
11.78,17.69,5.91,11.79,11.79,Khufai,CA,CA,,w,W,,pl lam,,,MD6, , , ,,,,,,,,,,,,,,,,,,,,,,
17.69,22.92,5.22,17.7,17.7,Khufai,CA,CA,,w,Wic,,ic w,ic,,MD6, ,storm, ,,,,,,,,,,,,,,,,,,,,,,
22.92,26.43,3.51,22.92,22.92,Khufai,CA,CA,,w,W,,pl lam,,,MD6, , , ,,,,,,,,,,,,,,,,,,,,,,
26.43,42.05,15.62,26.43,26.43,Khufai,CA,CA,,w,Wic,,ic w,ic,,MD6, ,storm, ,,,,,,,,,,,,,,,,,,,,,,
42.05,49.66,7.61,42.05,42.05,Khufai,CA,CA,,w,W,,pl lam,,,MD6, , , ,,,,,,,,,,,,,,,,,,,,,,
49.66,52.58,2.92,49.66,49.66,Khufai,CA,CA,,w,Wic,,ic w,ic,,MDE, ,storm, ,,,,,,,,,,,,,,,,,,,,,,
52.58,53.58,1,52.58,52.58,Khufai,CA,CA,,w,W,,pl lam,,,MDE, , , ,,,,,,,,,,,,,,,,,,,,,,
53.58,58.2,4.62,53.58,53.58,Khufai,CA,CA,,w,Wic,,ic w,ic,,MDE, ,storm, ,,,,,,,,,,,,,,,,,,,,,,
58.2,59.76,1.56,58.2,58.2,Khufai,CA,CA,,w,W,,pl lam,,,MDE, , , ,,,,,,,,,,,,,,,,,,,,,,
59.76,63.02,3.26,59.76,59.76,Khufai,CA,CA,,w,Wic,,ic w,ic,,MDE, ,storm, ,,,,,,,,,,,,,,,,,,,,,,
63.02,64.11,1.1,63.02,63.02,Khufai,CA,CA,,w,W,,pl lam,,,MDE, , , ,,,,,,,,,,,,,,,,,,,,,,
64.11,65.62,1.51,64.12,64.12,Khufai,CA,CA,,w,Wic,,ic w,ic,,MDE, ,storm, ,,,,,,,,,,,,,,,,,,,,,,
65.62,68.94,3.32,65.63,65.63,Khufai,CA,CA,,w,W,,pl lam,,,MDE, , , ,,,,,,,,,,,,,,,,,,,,,,
68.94,71.16,2.22,68.95,68.95,Khufai,CA,CA,,w,Wic,,ic w,ic,,MDE, ,storm, ,,,,,,,,,,,,,,,,,,,,,,
71.16,75.28,4.12,71.17,71.17,Khufai,CA,CA,,w,W,,pl lam,,,MDE, , , ,,,,,,,,,,,,,,,,,,,,,,
75.28,77.66,2.38,75.29,75.29,Khufai,CA,CA,,w,Wic,,ic w,ic,,MDE, ,storm, ,,,,,,,,,,,,,,,,,,,,,,
77.66,79.08,1.42,77.67,77.67,Khufai,CA,CA,,w,W,,pl lam,,,MDE, , , ,,,,,,,,,,,,,,,,,,,,,,
79.08,80.89,1.81,79.09,79.09,Khufai,CA,CA,,w,Wic,,ic w,ic,,MDE, ,storm, ,,,,,,,,,,,,,,,,,,,,,,
80.89,85.56,4.67,80.9,80.9,Khufai,CA,CA,,w,W,,pl lam,,,MDE, , , ,,,,,,,,,,,,,,,,,,,,,,
85.56,89.9,4.34,85.57,85.57,Khufai,CA,CA,,p,Gpel,,pel grn,peloids,,MDE, , , ,,,,,,,,,,,,,,,,,,,,,,
89.9,90.58,0.68,89.91,89.91,Khufai,CA,CA,,w,W,,pl lam,,,MDE, , , ,,,,,,,,,,,,,,,,,,,,,,
90.58,92.97,2.39,90.59,90.59,Khufai,CA,CA,,w,Wic,,ic w,,,MDE, ,storm, ,,,,,,,,,,,,,,,,,,,,,,
92.97,99.11,6.14,92.98,92.98,Khufai,CA,CA,,w,W,,pl lam,,,MDE, , , ,,,,,,,,,,,,,,,,,,,,,,
99.11,102.83,3.72,99.12,99.12,Khufai,CA,CA,,w,Wic,,ic w,,,MDE, ,storm, ,,,,,,,,,,,,,,,,,,,,,,
102.83,104.25,1.42,102.84,102.84,Khufai,CA,CA,,w,W,,pl lam,,,MDE, , , ,,,,,,,,,,,,,,,,,,,,,,
104.25,109.36,5.11,104.26,104.26,Khufai,CA,CA,,w,Wic,,ic w,,,MDE, ,storm, ,,,,,,,,,,,,,,,,,,,,,,
109.36,114.07,4.7,109.37,109.37,Khufai,CA,CA,,w,W,,pl lam,,,MDE, , , ,,,,,,,,,,,,,,,,,,,,,,
114.07,119,4.93,114.07,114.07,Khufai,CA,CA,,w,Wic,,ic w,,,MDE, ,storm, ,,,,,,,,,,,,,,,,,,,,,,
119,120.63,1.63,119,119,Khufai,CA,CA,,w,W,,pl lam,,,MDE, , , ,,,,,,,,,,,,,,,,,,,,,,
120.63,132.04,11.41,120.63,120.63,Khufai,CA,CA,,w,Wic,,ic w,,,MDE, ,storm, ,,,,,,,,,,,,,,,,,,,,,,
132.04,132.87,0.83,132.04,132.04,Khufai,CA,CA,,w,W,,pl lam,,,MDE, , , ,,,,,,,,,,,,,,,,,,,,,,
132.87,134.11,1.24,132.87,132.87,Khufai,CA,CA,,p,Gpel,,pel grn,peloids,,MDE, , , ,,,,,,,,,,,,,,,,,,,,,,
134.11,134.99,0.88,134.11,134.11,Khufai,CA,CA,,w,Wic,,ic w,,,MDE, ,storm, ,,,,,,,,,,,,,,,,,,,,,,
134.99,138.08,3.09,134.99,134.99,Khufai,CA,CA,,w,W,,pl lam,,,MDE, , , ,,,,,,,,,,,,,,,,,,,,,,
138.08,140.98,2.91,138.08,138.08,Khufai,DL,DL,,p,Gpel,,pel grn,peloids,,MDE, , , ,,,,,,,,,,,,,,,,,,,,,,
140.98,142.28,1.3,140.99,140.99,Khufai,DL,DL,,g,Gon,,onc grn,oncolites,,MDE,peritidal, , ,,,,,,,,,,,,,,,,,,,,,,
142.28,142.98,0.7,142.29,142.29,Khufai,DL,DL,,p,Gpel,,pel grn,peloids,,MDE, , , ,,,,,,,,,,,,,,,,,,,,,,
142.98,146.91,3.93,142.99,142.99,Khufai,DL,DL,,w,W,,pl lam,,,MDE, , , ,,,,,,,,,,,,,,,,,,,,,,
146.91,152.64,5.73,146.92,146.92,Khufai,DL,DL,,p,Gpel,,pel grn,peloids,,MDE, , , ,,,,,,,,,,,,,,,,,,,,,,
152.64,153.16,0.52,152.65,152.65,Khufai,DL,DL,,g,Gon,,onc grn,oncolites,,MDE,peritidal, , ,,,,,,,,,,,,,,,,,,,,,,
153.16,156.06,2.89,153.17,153.17,Khufai,DL,DL,,p,Gpel,,pel grn,peloids,,MDE, , , ,,,,,,,,,,,,,,,,,,,,,,
156.06,162.49,6.44,156.06,156.06,Khufai,DL,DL,,g,Gon,,onc grn,oncolites,,MDE,peritidal, , ,,,,,,,,,,,,,,,,,,,,,,
162.49,164.89,2.4,162.5,162.5,Khufai,DL,DL,,bo,Bil,,mic lam,,,MDE, , , ,,,,,,,,,,,,,,,,,,,,,,
164.89,165.43,0.54,164.9,164.9,Khufai,DL,DL,,bo,Bmstm,,strom,,,MDE, , , ,,,,,,,,,,,,,,,,,,,,,,
165.43,166.2,0.77,165.44,165.44,Khufai,DL,DL,,g,Gon,,onc grn,oncolites,,MDE,peritidal, , ,,,,,,,,,,,,,,,,,,,,,,
166.2,167.09,0.9,166.21,166.21,Khufai,DL,DL,,bo,Bil,,mic lam,,,MDE, , , ,,,,,,,,,,,,,,,,,,,,,,
167.09,168.71,1.61,167.11,167.11,Khufai,DL,DL,,g,Gon,,onc grn,oncolites,,MDE,peritidal, , ,,,,,,,,,,,,,,,,,,,,,,
168.71,169.3,0.59,168.72,168.72,Khufai,DL,DL,,bo,Bil,,mic lam,,,MDE, , , ,,,,,,,,,,,,,,,,,,,,,,
169.3,169.89,0.59,169.31,169.31,Khufai,DL,DL,,bo,Bmstm,,strom,,,MDE, , , ,,,,,,,,,,,,,,,,,,,,,,
169.89,171.74,1.85,169.9,169.9,Khufai,DL,DL,,g,Gon,,onc grn,oncolites,,MDE,peritidal, , ,,,,,,,,,,,,,,,,,,,,,,
171.74,173.16,1.42,171.75,171.75,Khufai,DL,DL,,bo,Bil,,mic lam,,,MDE, , , ,,,,,,,,,,,,,,,,,,,,,,
173.16,176.54,3.39,173.17,173.17,Khufai,DL,DL,,g,Gon,,onc grn,oncolites,,MDE,peritidal, , ,,,,,,,,,,,,,,,,,,,,,,
176.54,178.63,2.09,176.56,176.56,Khufai,DL,DL,,bo,Bil,,mic lam,,,MDE, , , ,,,,,,,,,,,,,,,,,,,,,,
178.63,179.14,0.51,178.65,178.65,Khufai,DL,DL,,g,Gon,,onc grn,oncolites,,MDE,peritidal, , ,,,,,,,,,,,,,,,,,,,,,,
179.14,181.45,2.31,179.16,179.16,Khufai,DL,DL,,bo,Bil,,mic lam,,,MDE, , , ,,,,,,,,,,,,,,,,,,,,,,
181.45,182.15,0.71,181.47,181.47,Khufai,DL,DL,,g,Gon,,onc grn,oncolites,,MDE,peritidal, , ,,,,,,,,,,,,,,,,,,,,,,
182.15,187,4.84,182.18,182.18,Khufai,DL,DL,,bo,Bil,,mic lam,,,MDE, , , ,,,,,,,,,,,,,,,,,,,,,,
187,187.4,0.41,187.02,187.02,Khufai,DL,DL,,g,Gon,,onc grn,oncolites,,MDE,peritidal, , ,,,,,,,,,,,,,,,,,,,,,,
187.4,188.3,0.9,187.43,187.43,Khufai,DL,DL,,bo,Bil,,mic lam,,,MDE, , , ,,,,,,,,,,,,,,,,,,,,,,
188.3,189.07,0.77,188.33,188.33,Khufai,DL,DL,,m,M,,micrite,,,MDE, , , ,,,,,,,,,,,,,,,,,,,,,,
189.07,191.91,2.84,189.1,189.1,Khufai,DL,DL,,bo,Bil,,mic lam,,,MDE, , , ,,,,,,,,,,,,,,,,,,,,,,
191.91,192.87,0.96,191.94,191.94,Khufai,DL,DL,,g,Gon,,onc grn,oncolites,,MDE,peritidal, , ,,,,,,,,,,,,,,,,,,,,,,
192.87,195.23,2.35,192.9,192.9,Khufai,DL,DL,,bo,Bmstm,,strom,,,MDE, , , ,,,,,,,,,,,,,,,,,,,,,,
195.23,195.79,0.57,195.25,195.25,Khufai,DL,DL,,bo,Bil,,mic lam,,,MDE, , , ,,,,,,,,,,,,,,,,,,,,,,
195.79,199.53,3.74,195.82,195.82,Khufai,DL,DL,,m,M,,micrite,,,MDE, , , ,,,,,,,,,,,,,,,,,,,,,,
199.53,200.03,0.5,199.56,199.56,Khufai,DL,DL,,bo,Bmstm,,strom,,,MDE, , , ,,,,,,,,,,,,,,,,,,,,,,
200.03,201.13,1.09,200.06,200.06,Khufai,DL,DL,,bo,Bil,,mic lam,,,MDE, , , ,,,,,,,,,,,,,,,,,,,,,,
201.13,201.69,0.57,201.15,201.15,Khufai,DL,DL,,bo,Bmstm,,strom,,,MDE, , , ,,,,,,,,,,,,,,,,,,,,,,
201.69,202.83,1.14,201.72,201.72,Khufai,DL,DL,,bo,Bil,,mic lam,,,MDE, , , ,,,,,,,,,,,,,,,,,,,,,,
202.83,203.36,0.53,202.86,202.86,Khufai,DL,DL,,bo,Bmstm,,strom,,,MDE, , , ,,,,,,,,,,,,,,,,,,,,,,
203.36,204.11,0.74,203.39,203.39,Khufai,DL,DL,,bo,Bil,,mic lam,,,MDE, , , ,,,,,,,,,,,,,,,,,,,,,,
204.11,205.17,1.06,204.13,204.13,Khufai,DL,DL,,p,Gpel,,pel gn,peloids,,MDE, , , ,,,,,,,,,,,,,,,,,,,,,,
205.17,212.42,7.25,205.19,205.19,Khufai,DL,DL,,m,M,,micrite,,,MDE, , , ,,,,,,,,,,,,,,,,,,,,,,
212.42,213.61,1.19,212.44,212.44,Khufai,DL,DL,,bo,Bil,,mic lam,,,MDE, , , ,,,,,,,,,,,,,,,,,,,,,,
213.61,215.54,1.93,213.63,213.63,Khufai,DL,DL,,m,M,,micrite,,,MDE, , , ,,,,,,,,,,,,,,,,,,,,,,
215.54,217.07,1.52,215.56,215.56,Khufai,DL,DL,,bo,Bmstm,,strom,,,MDE, , , ,,,,,,,,,,,,,,,,,,,,,,
217.07,218.02,0.95,217.08,217.08,Khufai,DL,DL,,g,Goo,,oo grn,ooids,,MDE, ,storm, ,,,,,,,,,,,,,,,,,,,,,,
218.02,218.8,0.78,218.03,218.03,Khufai,DL,DL,,bo,Bil,,mic lam,,,MDE, , , ,,,,,,,,,,,,,,,,,,,,,,
218.8,221.44,2.64,218.81,218.81,Khufai,DL,DL,,m,M,,micrite,,,MDE, , , ,,,,,,,,,,,,,,,,,,,,,,
221.44,222.73,1.29,221.45,221.45,Khufai,DL,DL,,p,Gpel,,pel gn,peloids,,MDE, , , ,,,,,,,,,,,,,,,,,,,,,,
222.73,223.85,1.12,222.74,222.74,Khufai,DL,DL,,bo,Bmstm,,strom,,,MDE, , , ,,,,,,,,,,,,,,,,,,,,,,
223.85,224.99,1.15,223.86,223.86,Khufai,DL,DL,,g,Goo,,oo grn,ooids,,MDE, ,storm, ,,,,,,,,,,,,,,,,,,,,,,
224.99,226.17,1.18,225.01,225.01,Khufai,DL,DL,,m,M,,micrite,,,MDE, , , ,,,,,,,,,,,,,,,,,,,,,,
226.17,228.06,1.89,226.19,226.19,Khufai,DL,DL,,p,Gpel,,pel gn,peloids,,MDE, , , ,,,,,,,,,,,,,,,,,,,,,,
228.06,228.87,0.81,228.08,228.08,Khufai,DL,DL,,bo,Bmstm,,strom,,,MDE, , , ,,,,,,,,,,,,,,,,,,,,,,
228.87,230.88,2.02,228.89,228.89,Khufai,DL,DL,,m,M,,micrite,,,MDE, , , ,,,,,,,,,,,,,,,,,,,,,,
230.88,231.75,0.86,230.91,230.91,Khufai,DL,DL,,bo,Bmstm,,strom,,,MDE, , , ,,,,,,,,,,,,,,,,,,,,,,
231.75,232.56,0.82,231.77,231.77,Khufai,DL,DL,,bo,Bil,,mic lam,,,MDE, , , ,,,,,,,,,,,,,,,,,,,,,,
232.56,233.65,1.09,232.59,232.59,Khufai,DL,DL,,g,Goo,,oo grn,ooids,,MDE, ,storm, ,,,,,,,,,,,,,,,,,,,,,,
233.65,234.57,0.92,233.68,233.68,Khufai,DL,DL,,m,M,,micrite,,,MDE, , , ,,,,,,,,,,,,,,,,,,,,,,
234.57,235.09,0.53,234.6,234.6,Khufai,DL,DL,,bo,Bil,,mic lam,,,MDE, , , ,,,,,,,,,,,,,,,,,,,,,,
235.09,236.3,1.21,235.13,235.13,Khufai,DL,DL,,bo,Bmstm,,strom,,,MDE, , , ,,,,,,,,,,,,,,,,,,,,,,
236.3,242.12,5.82,236.34,236.34,Khufai,DL,DL,,m,M,,micrite,,,MDE, , , ,,,,,,,,,,,,,,,,,,,,,,
242.12,243.65,1.53,242.16,242.16,Khufai,DL,DL,,g,Goo,,oo grn,ooids,,MDE, ,storm, ,,,,,,,,,,,,,,,,,,,,,,
243.65,246.51,2.85,243.69,243.69,Khufai,DL,DL,,m,M,,micrite,,,MDE, , , ,,,,,,,,,,,,,,,,,,,,,,
246.51,248.46,1.96,246.54,246.54,Khufai,DL,DL,,bo,Bmstm,,strom,,,MDE, , , ,,,,,,,,,,,,,,,,,,,,,,
248.46,249.65,1.18,248.5,248.5,Khufai,DL,DL,,bo,Bil,,mic lam,,,MDE, , , ,,,,,,,,,,,,,,,,,,,,,,
249.65,250.88,1.23,249.68,249.68,Khufai,DL,DL,,p,Gpel,,pel gn,peloids,,MDE, , , ,,,,,,,,,,,,,,,,,,,,,,
250.88,251.56,0.68,250.91,250.91,Khufai,DL,DL,,bo,Bil,,mic lam,,,MDE, , , ,,,,,,,,,,,,,,,,,,,,,,
251.56,253.36,1.8,251.59,251.59,Khufai,DL,DL,,bo,Bmstm,,strom,,,MDE, , , ,,,,,,,,,,,,,,,,,,,,,,
253.36,255.74,2.38,253.39,253.39,Khufai,DL,DL,,m,M,,micrite,,,MDE, , , ,,,,,,,,,,,,,,,,,,,,,,
255.74,256.15,0.41,255.77,255.77,Khufai,DL,DL,,bo,Bil,,mic lam,,,MDE, , , ,,,,,,,,,,,,,,,,,,,,,,
256.15,260.21,4.07,256.18,256.18,Khufai,DL,DL,,m,M,,micrite,,,MDE, , , ,,,,,,,,,,,,,,,,,,,,,,
260.21,261.04,0.83,260.25,260.25,Khufai,DL,DL,,bo,Bmstm,,strom,,,MDE, , , ,,,,,,,,,,,,,,,,,,,,,,
261.04,262.43,1.39,261.08,261.08,Khufai,DL,DL,,p,Gpel,,pel gn,peloids,,MDE, , , ,,,,,,,,,,,,,,,,,,,,,,
262.43,264.45,2.02,262.47,262.47,Khufai,DL,DL,,m,M,,micrite,,,MDE, , , ,,,,,,,,,,,,,,,,,,,,,,
264.45,265.68,1.23,264.49,264.49,Khufai,DL,DL,,bo,Bmstm,,strom,,,MDE, , , ,,,,,,,,,,,,,,,,,,,,,,
265.68,269.61,3.94,265.72,265.72,Khufai,DL,DL,,g,Goo,,oo grn,ooids,,MDE, ,storm, ,,,,,,,,,,,,,,,,,,,,,,
269.61,275.59,5.98,269.66,269.66,TopKhufai,DL,DL,,bo,Bil,,mic lam,,sequence boundary,MDE, , , ,,,,,,,,,,,,,,,,,,,,,,
275.59,283.29,7.69,275.64,275.64,TopKhufai,DL,DL,,m,M,,micrite,,,MDE, , , ,,,,,,,,,,,,,,,,,,,,,,
283.29,284.93,1.65,283.33,283.33,TopKhufai,DL,DL,,bo,Bil,,mic lam,,,MDE, , , ,,,,,,,,,,,,,,,,,,,,,,
284.93,286.39,1.45,284.98,284.98,TopKhufai,DL,DL,,bo,Bmstm,,strom,,,MDE, , , ,,,,,,,,,,,,,,,,,,,,,,
286.39,288.66,2.27,286.43,286.43,TopKhufai,DL,DL,,m,M,,micrite,,,MDE, , , ,,,,,,,,,,,,,,,,,,,,,,
288.66,290.42,1.77,288.7,288.7,TopKhufai,DL,DL,,ss,Ss,,sandstone,,,MDE, , , ,,,,,,,,,,,,,,,,,,,,,,
290.42,293.38,2.95,290.47,290.47,TopKhufai,DL,DL,,bo,Bmstm,,strom,,,MDE, , , ,,,,,,,,,,,,,,,,,,,,,,
293.38,295.56,2.18,293.42,293.42,TopKhufai,DL,DL,,p,Gpel,,pel gn,peloids,,MDE, , , ,,,,,,,,,,,,,,,,,,,,,,
295.56,301.26,5.7,295.6,295.6,TopKhufai,DL,DL,,m,M,,micrite,,,MDE, , , ,,,,,,,,,,,,,,,,,,,,,,
301.26,303.33,2.07,301.3,301.3,TopKhufai,DL,DL,,bo,Bmstm,,strom,,,MDE, , , ,,,,,,,,,,,,,,,,,,,,,,
303.33,312.57,9.24,303.37,303.37,TopKhufai,DL,DL,,m,M,,micrite,,,MDE, , , ,,,,,,,,,,,,,,,,,,,,,,
312.57,313.68,1.11,312.61,312.61,TopKhufai,DL,DL,,p,Gpel,,pel gn,peloids,,MDE, , , ,,,,,,,,,,,,,,,,,,,,,,
313.68,314.92,1.25,313.72,313.72,TopKhufai,DL,DL,,bo,Bil,,mic lam,,,MDE, , , ,,,,,,,,,,,,,,,,,,,,,,
314.92,325.95,11.02,314.97,314.97,TopKhufai,DL,DL,,si,Si,,,,,MDE, , ,silt,,,,,,,,,,,,,,,,,,,,,,
325.95,330.62,4.67,325.99,325.99,TopKhufai,DL,DL,,bo,Bmstm,,strom,,,MDE, , , ,,,,,,,,,,,,,,,,,,,,,,
330.62,333.07,2.44,330.66,330.66,TopKhufai,DL,DL,,m,M,,micrite,,,MDE, , , ,,,,,,,,,,,,,,,,,,,,,,
333.07,334.99,1.92,333.1,333.1,TopKhufai,DL,DL,,bo,Bmstm,,strom,,,MDE, , , ,,,,,,,,,,,,,,,,,,,,,,
334.99,338.87,3.88,335.02,335.02,TopKhufai,DL,DL,,m,M,,micrite,,,MDE, , , ,,,,,,,,,,,,,,,,,,,,,,
338.87,340.76,1.89,338.9,338.9,TopKhufai,DL,DL,,g,Goo,,oo grn,ooids,,MDE, ,storm, ,,,,,,,,,,,,,,,,,,,,,,
340.76,341.83,1.07,340.79,340.79,TopKhufai,DL,DL,,bo,Bmstm,,strom,,,MDE, , , ,,,,,,,,,,,,,,,,,,,,,,
341.83,362.83,21,341.86,341.86,Shuram,CA,CA,,si,Si,,,,,MDE2, , ,silt,,,,,,,,,,,,,,,,,,,,,,
27,75,48,362.86,362.86,Shuram,CA,CA,,cov,Cov,,,,,MDE2, , ,silt,,,,,,,,,,,,,,,,,,,,,,
75,76,1,410.86,410.86,Shuram,CA,CA,,si,Si,,,,,MDE2, , ,silt,,,,,,,,,,,,,,,,,,,,,,
76,76.5,0.5,411.86,411.86,Shuram,CA,CA,,ss,Ss,,,,,MDE2, , , ,,,,,,,,,,,,,,,,,,,,,,
76.5,79,2.5,412.36,412.36,Shuram,CA,CA,,cov,Cov,,,,,MDE2, , ,silt,,,,,,,,,,,,,,,,,,,,,,
79,82,3,414.86,414.86,Shuram,CA,CA,,si,Si,,,,,MDE2, , ,silt,,,,,,,,,,,,,,,,,,,,,,
82,85,3,417.86,417.86,Shuram,CA,CA,,cov,Cov,,,,,MDE2, , ,silt,,,,,,,,,,,,,,,,,,,,,,
85,86.5,1.5,420.86,420.86,Shuram,CA,CA,,si,Si,,,,,MDE2, , ,silt,,,,,,,,,,,,,,,,,,,,,,
86.5,86.8,0.3,422.36,422.36,Shuram,CA,CA,,g,Goo,,oo grn,ooids,,MDE2, ,storm, ,,,,,,,,,,,,,,,,,,,,,,
86.8,87.3,0.5,422.66,422.66,Shuram,CA,CA,,si,Si,,,,,MDE2, , ,silt,,,,,,,,,,,,,,,,,,,,,,
87.3,88,0.7,423.16,423.16,Shuram,CA,CA,,ss,Ss,,,ball and pillow,,MDE2, , , ,,,,,,,,,,,,,,,,,,,,,,
88,91,3,423.86,423.86,Shuram,CA,CA,,si,Si,,,,,MDE2, , ,silt,,,,,,,,,,,,,,,,,,,,,,
91,93,2,426.86,426.86,Shuram,CA,CA,,cov,Cov,,,,,MDE2, , ,silt,,,,,,,,,,,,,,,,,,,,,,
93,94.5,1.5,428.86,428.86,Shuram,CA,CA,,si,Si,,,,,MDE2, , ,silt,,,,,,,,,,,,,,,,,,,,,,
94.5,95,0.5,430.36,430.36,Shuram,CA,CA,,g,Goo,,oo grn,ooids,,MDE2, ,storm, ,,,,,,,,,,,,,,,,,,,,,,
95,98.5,3.5,430.86,430.86,Shuram,CA,CA,,si,Si,,,,,MDE2, , ,silt,,,,,,,,,,,,,,,,,,,,,,
98.5,99,0.5,434.36,434.36,Shuram,CA,CA,,ss,Ss,,,,,MDE2, , , ,,,,,,,,,,,,,,,,,,,,,,
99,99.3,0.3,434.86,434.86,Shuram,CA,CA,,g,Goo,,oo grn,ooids,,MDE2, ,storm, ,,,,,,,,,,,,,,,,,,,,,,
99.3,100,0.7,435.16,435.16,Shuram,CA,CA,,si,Si,,,,,MDE2, , ,silt,,,,,,,,,,,,,,,,,,,,,,
100,105,5,435.86,435.86,Shuram,CA,CA,,cov,Cov,,,,,MDE2, , ,silt,,,,,,,,,,,,,,,,,,,,,,
105,106.3,1.3,440.86,440.86,Shuram,CA,CA,,si,Si,,,,,MDE2, , ,silt,,,,,,,,,,,,,,,,,,,,,,
106.3,106.5,0.2,442.16,442.16,Shuram,CA,CA,,g,Goo,,oo grn,ooids,,MDE2, ,storm, ,,,,,,,,,,,,,,,,,,,,,,
106.5,112,5.5,442.36,442.36,Shuram,CA,CA,,si,Si,,,,,MDE2, , ,silt,,,,,,,,,,,,,,,,,,,,,,
112,112.3,0.3,447.86,447.86,Shuram,CA,CA,,ss,Ss,,,,,MDE2, , , ,,,,,,,,,,,,,,,,,,,,,,
112.3,136,23.7,448.16,448.16,Shuram,CA,CA,,cov,Cov,,,,,MDE2, , ,silt,,,,,,,,,,,,,,,,,,,,,,
136,142.8,6.8,471.86,471.86,Shuram,CA,CA,,si,Si,,,,,MDE2, , ,silt,,,,,,,,,,,,,,,,,,,,,,
142.8,146,3.2,478.66,478.66,Shuram,CA,CA,,ss,Ss,,,,,MDE2, , , ,,,,,,,,,,,,,,,,,,,,,,
146,150.6,4.6,481.86,481.86,Shuram,CA,CA,,si,Si,,,,,MDE2, , ,silt,,,,,,,,,,,,,,,,,,,,,,
150.6,150.8,0.2,486.46,486.46,Shuram,CA,CA,,g,Goo,,oo grn,ooids,,MDE2, ,storm, ,,,,,,,,,,,,,,,,,,,,,,
150.8,154,3.2,486.66,486.66,Shuram,CA,CA,,cov,Cov,,,,,MDE2, , ,silt,,,,,,,,,,,,,,,,,,,,,,
154,154.3,0.3,489.86,489.86,Shuram,CA,CA,,g,Goo,,oo grn,ooids,,MDE2, ,storm, ,,,,,,,,,,,,,,,,,,,,,,
154.3,166.2,11.9,490.16,490.16,Shuram,CA,CA,,cov,Cov,,,,,MDE2, , ,silt,,,,,,,,,,,,,,,,,,,,,,
166.2,166.5,0.3,502.06,502.06,Shuram,CA,CA,,g,Goo,,oo grn,ooids,,MDE2, ,storm, ,,,,,,,,,,,,,,,,,,,,,,
166.5,167.2,0.7,502.36,502.36,Shuram,CA,CA,,si,Si,,,,,MDE2, , ,silt,,,,,,,,,,,,,,,,,,,,,,
167.2,167.6,0.4,503.06,503.06,Shuram,CA,CA,,g,Goo,,oo grn,ooids,,MDE2, ,storm, ,,,,,,,,,,,,,,,,,,,,,,
167.6,168.8,1.2,503.46,503.46,Shuram,CA,CA,,si,Si,,,,,MDE2, , ,silt,,,,,,,,,,,,,,,,,,,,,,
168.8,169,0.2,504.66,504.66,Shuram,CA,CA,,g,Goo,,oo grn,ooids,,MDE2, ,storm, ,,,,,,,,,,,,,,,,,,,,,,
169,171.8,2.8,504.86,504.86,Shuram,CA,CA,,si,Si,,,,,MDE2, , ,silt,,,,,,,,,,,,,,,,,,,,,,
171.8,172.1,0.3,507.66,507.66,Shuram,CA,CA,,g,Goo,,oo grn,ooids,,MDE2, ,storm, ,,,,,,,,,,,,,,,,,,,,,,
172.1,173.6,1.5,507.96,507.96,Shuram,CA,CA,,si,Si,,,,,MDE2, , ,silt,,,,,,,,,,,,,,,,,,,,,,
173.6,175,1.4,509.46,509.46,Shuram,CA,CA,,g,Goo,,oo grn,"ooids, ripples",,MDE2, , , ,,,,,,,,,,,,,,,,,,,,,,
175,175.9,0.9,510.86,510.86,Shuram,CA,CA,,si,Si,,,,,MDE2, , ,silt,,,,,,,,,,,,,,,,,,,,,,
175.9,177.3,1.4,511.76,511.76,Shuram,CA,CA,,g,Goo,,oo grn,"ooids, ripples",,MDE2, , , ,,,,,,,,,,,,,,,,,,,,,,
3.3,7.2,3.9,513.16,513.16,Shuram,CA,CA,,si,Si,,,,,MDE3, , ,silt,,,,,,,,,,,,,,,,,,,,,,
7.2,7.4,0.2,517.06,517.06,Shuram,CA,CA,,g,Goo,,oo grn,"ooids, ripples",,MDE3, , , ,,,,,,,,,,,,,,,,,,,,,,
7.4,8.2,0.8,517.26,517.26,Shuram,CA,CA,,si,Si,,,,,MDE3, , ,silt,,,,,,,,,,,,,,,,,,,,,,
8.2,8.5,0.3,518.06,518.06,Shuram,CA,CA,,g,Goo,,oo grn,ooids,,MDE3, ,storm, ,,,,,,,,,,,,,,,,,,,,,,
8.5,8.8,0.3,518.36,518.36,Shuram,CA,CA,,si,Si,,,,,MDE3, , ,silt,,,,,,,,,,,,,,,,,,,,,,
8.8,9,0.2,518.66,518.66,Shuram,CA,CA,,g,Goo,,oo grn,ooids,,MDE3, ,storm, ,,,,,,,,,,,,,,,,,,,,,,
9,9.6,0.6,518.86,518.86,Shuram,CA,CA,,si,Si,,,,,MDE3, , ,silt,,,,,,,,,,,,,,,,,,,,,,
9.6,12,2.4,519.46,519.46,Shuram,CA,CA,,g,Goo,,oo grn,ooids,,MDE3, ,storm, ,,,,,,,,,,,,,,,,,,,,,,
12,14,2,521.86,521.86,Shuram,CA,CA,,si,Si,,,ball and pillow,,MDE3, , ,silt,,,,,,,,,,,,,,,,,,,,,,
14,16,2,523.86,523.86,Shuram,CA,CA,,g,Goo,,oo grn,ooids,,MDE3, ,storm, ,,,,,,,,,,,,,,,,,,,,,,
16,17.5,1.5,525.86,525.86,Shuram,CA,CA,,cov,Cov,,,,,MDE3, , ,silt,,,,,,,,,,,,,,,,,,,,,,
17.5,18.2,0.7,527.36,527.36,Shuram,CA,CA,,g,Goo,,oo grn,ooids,,MDE3, ,storm, ,,,,,,,,,,,,,,,,,,,,,,
18.2,20.4,2.2,528.06,528.06,Shuram,CA,CA,,cov,Cov,,,,,MDE3, , ,silt,,,,,,,,,,,,,,,,,,,,,,
20.4,21.5,1.1,530.26,530.26,Shuram,CA,CA,,g,Goo,,oo grn,ooids,,MDE3, ,storm, ,,,,,,,,,,,,,,,,,,,,,,
21.5,23.5,2,531.36,531.36,Shuram,CA,CA,,si,Si,,,,,MDE3, , ,silt,,,,,,,,,,,,,,,,,,,,,,
23.5,26,2.5,533.36,533.36,Shuram,CA,CA,,g,Goo,,oo grn,ooids,,MDE3, ,storm, ,,,,,,,,,,,,,,,,,,,,,,
26,31.5,5.5,535.86,535.86,Shuram,CA,CA,,cov,Cov,,,,,MDE3, , ,silt,,,,,,,,,,,,,,,,,,,,,,
31.5,33,1.5,541.36,541.36,Shuram,CA,CA,,si,Si,,,ball and pillow,,MDE3, , ,silt,,,,,,,,,,,,,,,,,,,,,,
33,34,1,542.86,542.86,Shuram,CA,CA,,g,Goo,,oo grn,ooids,,MDE3, ,storm, ,,,,,,,,,,,,,,,,,,,,,,
34,35,1,543.86,543.86,Shuram,CA,CA,,cov,Cov,,,,,MDE3, , ,silt,,,,,,,,,,,,,,,,,,,,,,
35,35.5,0.5,544.86,544.86,Shuram,CA,CA,,g,Goo,,oo grn,ooids,,MDE3, ,storm, ,,,,,,,,,,,,,,,,,,,,,,
35.5,36.5,1,545.36,545.36,Shuram,CA,CA,,cov,Cov,,,,,MDE3, , ,silt,,,,,,,,,,,,,,,,,,,,,,
36.5,36.7,0.2,546.36,546.36,Shuram,CA,CA,,g,Goo,,oo grn,ooids,,MDE3, ,storm, ,,,,,,,,,,,,,,,,,,,,,,
36.7,39,2.3,546.56,546.56,Shuram,CA,CA,,cov,Cov,,,,,MDE3, , ,silt,,,,,,,,,,,,,,,,,,,,,,
39,39.5,0.5,548.86,548.86,Shuram,CA,CA,,g,Goo,,oo grn,ooids,,MDE3, ,storm, ,,,,,,,,,,,,,,,,,,,,,,
39.5,40.8,1.3,549.36,549.36,Shuram,CA,CA,,cov,Cov,,,,,MDE3, , ,silt,,,,,,,,,,,,,,,,,,,,,,
40.8,43,2.2,550.66,550.66,Shuram,CA,CA,,g,Goo,,oo grn,,,MDE3, , , ,,,,,,,,,,,,,,,,,,,,,,
43,44,1,552.86,552.86,Shuram,CA,CA,,si,Si,,,,,MDE3, , ,silt,,,,,,,,,,,,,,,,,,,,,,
44,44.5,0.5,553.86,553.86,Shuram,CA,CA,,g,Goo,,oo grn,,,MDE3, , , ,,,,,,,,,,,,,,,,,,,,,,
44.5,47,2.5,554.36,554.36,Shuram,CA,CA,,cov,Cov,,,,,MDE3, , ,silt,,,,,,,,,,,,,,,,,,,,,,
47,47.4,0.4,556.86,556.86,Shuram,CA,CA,,g,Goo,,oo grn,,,MDE3, , , ,,,,,,,,,,,,,,,,,,,,,,
47.4,50,2.6,557.26,557.26,Shuram,CA,CA,,cov,Cov,,,,,MDE3, , ,silt,,,,,,,,,,,,,,,,,,,,,,
50,50.5,0.5,559.86,559.86,Shuram,CA,CA,,r,BIewc,,ic cong,intraclasts,,MDE3, , , ,,,,,,,,,,,,,,,,,,,,,,
50.5,53,2.5,560.36,560.36,Shuram,CA,CA,,cov,Cov,,,,,MDE3, , ,silt,,,,,,,,,,,,,,,,,,,,,,
53,54,1,562.86,562.86,Shuram,CA,CA,,g,Goo,,oo grn,ooids,,MDE3, ,storm, ,,,,,,,,,,,,,,,,,,,,,,
54,55.5,1.5,563.86,563.86,Shuram,CA,CA,,cov,Cov,,,,,MDE3, , ,silt,,,,,,,,,,,,,,,,,,,,,,
55.5,56.6,1.1,565.36,565.36,Shuram,CA,CA,,si,Si,,,,,MDE3, , ,silt,,,,,,,,,,,,,,,,,,,,,,
56.6,57,0.4,566.46,566.46,Shuram,CA,CA,,g,Goo,,oo grn,ooids,,MDE3, ,storm, ,,,,,,,,,,,,,,,,,,,,,,
57,60.5,3.5,566.86,566.86,Shuram,CA,CA,,cov,Cov,,,,,MDE3, , ,silt,,,,,,,,,,,,,,,,,,,,,,
60.5,63.5,3,570.36,570.36,Shuram,CA,CA,,si,Si,,,,,MDE3, , ,silt,,,,,,,,,,,,,,,,,,,,,,
63.5,65,1.5,573.36,573.36,Shuram,CA,CA,,g,Goo,,oo grn,ooids,,MDE3, ,storm, ,,,,,,,,,,,,,,,,,,,,,,
65,67,2,574.86,574.86,Shuram,CA,CA,,si,Si,,,,,MDE3, , ,silt,,,,,,,,,,,,,,,,,,,,,,
67,67.5,0.5,576.86,576.86,Shuram,CA,CA,,g,Goo,,oo grn,ooids,,MDE3, ,storm, ,,,,,,,,,,,,,,,,,,,,,,
67.5,68.5,1,577.36,577.36,Shuram,CA,CA,,si,Si,,,,,MDE3, , ,silt,,,,,,,,,,,,,,,,,,,,,,
68.5,69,0.5,578.36,578.36,Shuram,CA,CA,,g,Goo,,oo grn,ooids,,MDE3, ,storm, ,,,,,,,,,,,,,,,,,,,,,,
0,0.8,0.8,578.86,578.86,Shuram,CA,CA,,si,Si,,,,,MDS, , ,silt,,,,,,,,,,,,,,,,,,,,,,
0.8,1.4,0.6,579.66,579.66,Shuram,CA,CA,,g,Goo,,oo grn,ooids,,MDS, ,storm, ,,,,,,,,,,,,,,,,,,,,,,
1.4,1.7,0.3,580.26,580.26,Shuram,CA,CA,,si,Si,,,,,MDS, , ,silt,,,,,,,,,,,,,,,,,,,,,,
1.7,2.5,0.8,580.56,580.56,Shuram,CA,CA,,g,Goo,,oo grn,ooids,,MDS, ,storm, ,,,,,,,,,,,,,,,,,,,,,,
2.5,3,0.5,581.36,581.36,Shuram,CA,CA,,si,Si,,,,,MDS, , ,silt,,,,,,,,,,,,,,,,,,,,,,
3,4.7,1.7,581.86,581.86,Shuram,CA,CA,,g,Goo,,oo grn,ooids,,MDS, ,storm, ,,,,,,,,,,,,,,,,,,,,,,
4.7,5.2,0.5,583.56,583.56,Shuram,CA,CA,,si,Si,,,,,MDS, , ,silt,,,,,,,,,,,,,,,,,,,,,,
5.2,6,0.8,584.06,584.06,Shuram,CA,CA,,g,Goo,,oo grn,ooids,,MDS, ,storm, ,,,,,,,,,,,,,,,,,,,,,,
6,6.3,0.3,584.86,584.86,Shuram,CA,CA,,si,Si,,,,,MDS, , ,silt,,,,,,,,,,,,,,,,,,,,,,
6.3,7,0.7,585.16,585.16,Shuram,CA,CA,,g,Goo,,oo grn,ooids,,MDS, ,storm, ,,,,,,,,,,,,,,,,,,,,,,
7,7.5,0.5,585.86,585.86,Shuram,CA,CA,,si,Si,,,,,MDS, , ,silt,,,,,,,,,,,,,,,,,,,,,,
7.5,10,2.5,586.36,586.36,Shuram,CA,CA,,g,Goo,,oo grn,ooids,,MDS, ,storm, ,,,,,,,,,,,,,,,,,,,,,,
10,11.2,1.2,588.86,588.86,Shuram,CA,CA,,si,Si,,,,,MDS, , ,silt,,,,,,,,,,,,,,,,,,,,,,
11.2,11.7,0.5,590.06,590.06,Shuram,CA,CA,,g,Goo,,oo grn,ooids,,MDS, ,storm, ,,,,,,,,,,,,,,,,,,,,,,
11.7,13,1.3,590.56,590.56,Shuram,CA,CA,,si,Si,,,,,MDS, , ,silt,,,,,,,,,,,,,,,,,,,,,,
13,13.5,0.5,591.86,591.86,Shuram,CA,CA,,g,Goo,,oo grn,ooids,,MDS, ,storm, ,,,,,,,,,,,,,,,,,,,,,,
13.5,18,4.5,592.36,592.36,Shuram,CA,CA,,cov,Cov,,,,,MDS, , ,silt,,,,,,,,,,,,,,,,,,,,,,
18,19,1,596.86,596.86,Shuram,CA,CA,,g,Goo,,oo grn,ooids,,MDS, ,storm, ,,,,,,,,,,,,,,,,,,,,,,
19,21,2,597.86,597.86,Shuram,CA,CA,,cov,Cov,,,,,MDS, , ,silt,,,,,,,,,,,,,,,,,,,,,,
21,22.5,1.5,599.86,599.86,Shuram,CA,CA,,g,Goo,,oo grn,ooids,,MDS, ,storm, ,,,,,,,,,,,,,,,,,,,,,,
22.5,24,1.5,601.36,601.36,Shuram,CA,CA,,si,Si,,,,,MDS, , ,silt,,,,,,,,,,,,,,,,,,,,,,
24,25,1,602.86,602.86,Shuram,CA,CA,,g,Goo,,oo grn,ooids,,MDS, ,storm, ,,,,,,,,,,,,,,,,,,,,,,
25,26.5,1.5,603.86,603.86,Shuram,CA,CA,,si,Si,,,,,MDS, , ,silt,,,,,,,,,,,,,,,,,,,,,,
26.5,27.6,1.1,605.36,605.36,Shuram,CA,CA,,cov,Cov,,,,,MDS, , ,silt,,,,,,,,,,,,,,,,,,,,,,
27.6,29,1.4,606.46,606.46,Shuram,CA,CA,,si,Si,,,,,MDS, , ,silt,,,,,,,,,,,,,,,,,,,,,,
29,30,1,607.86,607.86,Shuram,CA,CA,,g,Goo,,oo grn,ooids,,MDS, ,storm, ,,,,,,,,,,,,,,,,,,,,,,
30,32.7,2.7,608.86,608.86,Shuram,CA,CA,,si,Si,,,,,MDS, , ,silt,,,,,,,,,,,,,,,,,,,,,,
32.7,34,1.3,611.56,611.56,Shuram,CA,CA,,g,Goo,,oo grn,ooids,,MDS, ,storm, ,,,,,,,,,,,,,,,,,,,,,,
34,36,2,612.86,612.86,Shuram,CA,CA,,si,Si,,,,,MDS, , ,silt,,,,,,,,,,,,,,,,,,,,,,
36,37,1,614.86,614.86,Shuram,CA,CA,,g,Goo,,oo grn,ooids,,MDS, ,storm, ,,,,,,,,,,,,,,,,,,,,,,
37,40,3,615.86,615.86,Shuram,CA,CA,,si,Si,,,,,MDS, , ,silt,,,,,,,,,,,,,,,,,,,,,,
40,40.5,0.5,618.86,618.86,Shuram,CA,CA,,g,Goo,,oo grn,ooids,,MDS, ,storm, ,,,,,,,,,,,,,,,,,,,,,,
40.5,42,1.5,619.36,619.36,Shuram,CA,CA,,si,Si,,,,,MDS, , ,silt,,,,,,,,,,,,,,,,,,,,,,
42,45,3,620.86,620.86,Shuram,CA,CA,,g,Goo,,oo grn,ooids,,MDS, ,storm, ,,,,,,,,,,,,,,,,,,,,,,
45,53,8,623.86,623.86,Shuram,CA,CA,,si,Si,,,,,MDS, , ,silt,,,,,,,,,,,,,,,,,,,,,,
53,53.5,0.5,631.86,631.86,Shuram,CA,CA,,g,Goo,,oo grn,"ooids, ripples",,MDS, , , ,,,,,,,,,,,,,,,,,,,,,,
53.5,65,11.5,632.36,632.36,Shuram,CA,CA,,si,Si,,,,,MDS, , ,silt,,,,,,,,,,,,,,,,,,,,,,
65,65.5,0.5,643.86,643.86,Shuram,CA,CA,,g,Goo,,oo grn,"ooids, ripples",,MDS, , , ,,,,,,,,,,,,,,,,,,,,,,
65.5,80,14.5,644.36,644.36,Shuram,CA,AR,,si,Si,,,,,MDS, , ,silt,,,,,,,,,,,,,,,,,,,,,,
80,90,10,658.86,658.86,Shuram,CA,AR,,cov,Cov,,,,,MDS, , ,silt,,,,,,,,,,,,,,,,,,,,,,
90,92.5,2.5,668.86,668.86,Shuram,CA,AR,,si,Si,,,,,MDS, , ,silt,,,,,,,,,,,,,,,,,,,,,,
92.5,109.5,17,671.36,671.36,Shuram,CA,AR,,si,Si,,,,,MDS, , ,silt,,,,,,,,,,,,,,,,,,,,,,
109.5,110,0.5,688.36,688.36,Shuram,CA,AR,,w,W,,,,,MDS, , , ,,,,,,,,,,,,,,,,,,,,,,
110,145.5,35.5,688.86,688.86,Shuram,CA,AR,,si,Si,,,,,MDS, , ,silt,,,,,,,,,,,,,,,,,,,,,,
145.5,150,4.5,724.36,724.36,Shuram,CA,AR,,w,W,,,,,MDS, , , ,,,,,,,,,,,,,,,,,,,,,,
150,176,26,728.86,728.86,Shuram,CA,AR,,si,Si,,,,,MDS, , ,silt,,,,,,,,,,,,,,,,,,,,,,
176,176.5,0.5,754.86,754.86,Shuram,CA,AR,,w,W,,,,,MDS, , , ,,,,,,,,,,,,,,,,,,,,,,
176.5,180,3.5,755.36,755.36,Shuram,CA,AR,,si,Si,,,,,MDS, , ,silt,,,,,,,,,,,,,,,,,,,,,,
180,181,1,758.86,758.86,Shuram,CA,AR,,w,BIewc,,ewc,,,MDS, ,storm, ,,,,,,,,,,,,,,,,,,,,,,
181,198,17,759.86,759.86,Shuram,CA,AR,,si,Si,,,,,MDS, , ,silt,,,,,,,,,,,,,,,,,,,,,,
198,200,2,776.86,776.86,Shuram,CA,AR,,w,BIewc,,ewc,,,MDS, ,storm, ,,,,,,,,,,,,,,,,,,,,,,
200,204,4,778.86,778.86,Shuram,CA,AR,,si,Si,,,,,MDS, , ,silt,,,,,,,,,,,,,,,,,,,,,,
204,206,2,782.86,782.86,Shuram,CA,AR,,w,BIewc,,ewc,,,MDS, ,storm, ,,,,,,,,,,,,,,,,,,,,,,
206,209,3,784.86,784.86,Shuram,CA,AR,,si,Si,,,,,MDS, , ,silt,,,,,,,,,,,,,,,,,,,,,,
209,210,1,787.86,787.86,Shuram,CA,AR,,w,BIewc,,ewc,,,MDS, ,storm, ,,,,,,,,,,,,,,,,,,,,,,
210,212,2,788.86,788.86,Shuram,CA,AR,,si,Si,,,,,MDS, , ,silt,,,,,,,,,,,,,,,,,,,,,,
212,215,3,790.86,790.86,Shuram,CA,AR,,w,BIewc,,ewc,,,MDS, ,storm, ,,,,,,,,,,,,,,,,,,,,,,
215,220,5,793.86,793.86,Shuram,CA,AR,,si,Si,,,,,MDS, , ,silt,,,,,,,,,,,,,,,,,,,,,,
220,221,1,798.86,798.86,Shuram,CA,AR,,w,BIewc,,ewc,,,MDS, ,storm, ,,,,,,,,,,,,,,,,,,,,,,
221,221.5,0.5,799.86,799.86,Shuram,CA,AR,,si,Si,,,,,MDS, , ,silt,,,,,,,,,,,,,,,,,,,,,,
221.5,222,0.5,800.36,800.36,Shuram,CA,AR,,w,BIewc,,ewc,,,MDS, ,storm, ,,,,,,,,,,,,,,,,,,,,,,
0,5.4,5.4,806.23,806.23,Buah,CA,AR,vf,m,Ms,She,,,,MD2,,,,t,r,r,non,fl,silt,siltstone,non,non,non,non,non,non,non,non,non,non,non,non,non,non,non
5.4,5.9,0.5,806.73,806.73,Buah,CA,AR,mi,m,BIewc,She,,,,MD2,,,,r,r,r,non,crl,ewc,non,non,non,non,non,non,non,non,non,non,non,non,non,non,ewc,crl
5.9,6.7,0.8,807.53,807.53,Buah,CA,AR,vf,m,Ms,She,,,,MD2,,,,r,r,r,non,fl,silt,siltstone,non,non,non,non,non,non,non,non,non,non,non,non,non,non,non
6.7,9.2,2.5,810.03,810.03,Buah,CA,AR,vf,w,BIewc,She,,,,MD2,,,,r,r,r,non,crl,ewc,non,non,non,non,non,non,non,non,non,non,non,non,non,non,ewc,crl
9.2,12.8,3.6,813.63,813.63,Buah,CA,AR,vf,g,Ghcs,She,,,,MD2,,,,r,r,r,non,non,hcs,non,non,non,non,non,non,non,non,non,non,hcs,non,non,non,ewc,non
12.8,13.2,0.4,814.03,814.03,Buah,CA,AR,vf,m,Ms,She,,,,MD2,,,,r,r,r,non,non,silt,non,non,non,non,non,non,non,non,non,non,non,non,non,non,non,non
13.2,14.8,1.6,815.63,815.63,Buah,CA,AR,vf,w,BIewc,She,,,,MD2,,,,r,r,r,non,crl,ewc,non,non,non,non,non,non,non,non,non,non,non,non,non,non,ewc,crl
14.8,15.4,0.6,816.23,816.23,Buah,CA,AR,vf,g,Ghcs,She,,,,MD2,,,,r,r,r,non,non,hcs,non,non,non,non,non,non,non,non,non,non,hcs,non,non,non,non,non
15.4,15.9,0.5,816.73,816.73,Buah,CA,AR,vf,w,BIewc,She,,,,MD2,,,,t,non,r,non,crl,ewc,non,non,non,non,non,non,non,non,non,non,non,non,non,non,ewc,crl
15.9,20,4.1,820.83,820.83,Buah,CA,AR,vf,w,BIewc,She,,,,MD2,,,,t,non,r,non,crl,ewc,non,non,non,non,non,non,non,non,non,non,non,non,non,non,ewc,crl
20,25.4,5.4,826.23,826.23,Buah,CA,AR,vf,w,BIewc,She,,,,MD2,,,,r,non,r,non,crl,ewc,non,non,non,non,non,non,non,non,non,non,non,non,non,non,ewc,crl
25.4,30.6,5.2,831.43,831.43,Buah,CA,AR,mi,w,BIewc,She,,,,MD2,,,,t,non,r,non,crl,ewc,non,non,non,non,non,non,non,non,non,non,non,non,non,non,ewc,crl
30.6,33.2,2.6,834.03,834.03,Buah,CA,AR,vf,w,BIewc,She,,,,MD2,,,,t,non,r,non,crl,ewc,non,non,non,non,non,non,non,non,non,non,non,non,non,non,ewc,crl
33.2,33.6,0.4,834.43,834.43,Buah,CA,AR,vf,m,Ms,She,,,,MD2,,,,r,non,r,non,non,silt,non,non,non,non,non,non,non,non,non,non,non,non,non,non,non,non
33.6,38.8,5.2,839.63,839.63,Buah,CA,AR,mi,w,BIewc,She,,,,MD2,,,,r,non,r,non,crl,ewc,non,non,non,non,non,non,non,non,non,non,non,non,non,non,ewc,crl
38.8,40.8,2,841.63,841.63,Buah,CA,AR,vf,m,Ms,She,,,,MD2,,,,t,non,r,non,non,silt,non,non,non,non,non,non,non,non,non,non,non,non,non,non,non,non
40.8,43.8,3,844.63,844.63,Buah,CA,AR,f,w,BIewc,She,,,,MD2,,,,r,non,r,non,crl,ewc,non,non,non,non,non,non,non,non,non,non,non,non,non,non,ewc,crl
43.8,47,3.2,847.83,847.83,Buah,CA,AR,vf,w,BIewc,She,,,,MD2,,,,t,non,r,non,crl,ewc,non,non,non,non,non,non,non,non,non,non,non,non,non,non,ewc,crl
47,49,2,849.83,849.83,Buah,CA,AR,vf,w,Bcrl,She,,,,MD2,,,,t,non,r,non,crl,non,non,non,non,non,non,non,non,non,non,non,non,non,non,non,non,crl
49,54,5,854.83,854.83,Buah,CA,AR,f,w,BIewc,She,,,,MD2,,,,r,non,r,non,crl,ewc,non,non,non,non,non,non,non,non,non,non,non,non,non,non,ewc,crl
54,58.4,4.4,859.23,859.23,Buah,CA,AR,f,w,BIewc,She,,,,MD2,,,,t,non,r,non,crl,ewc,non,non,non,non,non,non,non,non,non,non,non,non,non,non,ewc,crl
58.4,60,1.6,860.83,860.83,Buah,CA,AR,f,g,Ghcs,She,,,,MD2,,,,r,non,r,non,non,hcs,non,non,non,non,non,non,non,non,non,non,hcs,non,non,non,non,non
60,62.2,2.2,863.03,863.03,Buah,CA,AR,f,w,BIewc,She,,,,MD2,,,,r,non,r,non,crl,ewc,non,non,non,non,non,non,non,non,non,non,non,non,non,non,non,crl
62.2,63,0.8,863.83,863.83,Buah,CA,AR,cov,cov,cov,She,,,,MD2,,,,t,non,r,non,non,non,non,non,non,non,non,non,non,non,non,non,non,non,non,non,non,non
63,69,6,869.83,869.83,Buah,CA,AR,f,w,BIewc,She,,,,MD2,,,,t,non,r,non,non,non,non,non,non,non,non,non,non,non,non,non,non,non,non,non,non,non
69,79.1,10.1,879.93,879.93,Buah,CA,AR,f,g,Gt,Sho,,,,MD2,,,,r,non,r,non,non,non,non,non,non,non,non,non,non,non,non,non,non,non,non,non,non,non
79.1,80,0.9,880.83,880.83,Buah,CA,AR,mi,m,Ms,Sho,,,,MD2,,,,t,non,r,non,non,non,non,non,non,non,non,non,non,non,non,non,non,non,non,non,non,non
80,82.2,2.2,883.03,883.03,Buah,CA,AR,f,g,Gt,Sho,,,,MD2,,,,r,non,r,non,non,non,non,non,non,non,non,non,non,non,non,non,non,non,non,non,non,non
82.2,83,0.8,883.83,883.83,Buah,CA,AR,vf,w,Bcrl,She,,,,MD2,,,,t,non,r,non,non,non,non,non,non,non,non,non,non,non,non,non,non,non,non,non,non,non
83,85,2,885.83,885.83,Buah,CA,AR,vf,w,Bcrl,She,,,,MD2,,,,t,non,r,non,non,non,non,non,non,non,non,non,non,non,non,non,non,non,non,non,non,non
85,92.1,7.1,892.93,892.93,Buah,CA,AR,vf,w,Bcrl,She,,,,MD2,,,,t,non,r,non,non,non,non,non,non,non,non,non,non,non,non,non,non,non,non,non,non,non
92.1,100,7.9,900.83,900.83,Buah,CA,AR,f,g,Gt,Sho,,,,MD2,,,,r,non,r,non,non,non,non,non,non,non,non,non,non,non,non,non,non,non,non,non,non,non
100,102.6,2.6,903.43,903.43,Buah,CA,AR,vf,w,BIewc,She,,,,MD2,,,,t,non,r,non,non,non,non,non,non,non,non,non,non,non,non,non,non,non,non,non,non,non
102.6,113,10.4,913.83,913.83,Buah,CA,AR,f,g,Gt,Sho,,,,MD2,,,,r,non,r,non,non,non,non,non,non,non,non,non,non,non,non,non,non,non,non,non,non,non
113,114.2,1.2,915.03,915.03,Buah,CA,AR,m,g,Gt,Sho,,,,MD2,,,,r,non,r,non,non,non,non,non,non,non,non,non,non,non,non,non,non,non,non,non,non,non
114.2,114.4,0.2,915.23,915.23,Buah,CA,AR,c,r,Icg,Sho,,,,MD2,,,,t,non,t,non,non,non,non,non,non,non,non,non,non,non,non,non,non,non,non,non,non,non
114.4,115.5,1.1,916.33,916.33,Buah,CA,AR,vf,bo,Bmstm,Ree,,,,MD2,,,,t,non,t,non,crlmstm,non,non,non,non,non,non,non,non,non,non,non,non,non,crlmstm,non,non,non
115.5,116.5,1,917.33,917.33,Buah,CA,AR,f,bo,Bmstm,Ree,,,,MD2,,,,t,non,t,non,Msstm,non,non,non,non,non,non,non,non,non,Msstm,non,non,non,non,non,non,non
116.5,120.5,4,921.33,921.33,Buah,CA,AR,f,g,Gt,Sho,,,,MD2,,,,r,non,t,non,non,non,non,non,non,non,non,non,non,non,non,non,non,non,non,non,non,non
120.5,121.1,0.6,921.93,921.93,Buah,CA,AR,vf,m,Ms,Sho,,,,MD2,,,,t,non,t,non,non,non,non,non,non,non,non,non,non,non,non,non,non,non,non,non,non,non
121.1,121.9,0.8,922.73,922.73,Buah,CA,AR,vf,w,Bcrl,Sho,,,,MD2,,,,t,non,t,non,non,non,non,non,non,non,non,non,non,non,non,non,non,non,non,non,non,non
121.9,122.7,0.8,923.53,923.53,Buah,CA,AR,f,g,Gt,Sho,,,,MD2,,,,r,non,t,non,non,non,non,non,non,non,non,non,non,non,non,non,non,non,non,non,non,non
122.7,125,2.3,925.83,925.83,Buah,CA,AR,vf,w,Bcrl,Sho,,,,MD2,,,,r,non,t,non,non,non,non,non,non,non,non,non,non,non,non,non,non,non,non,non,non,non
125,126,1,926.83,926.83,Buah,CA,AR,f,g,Gt,Sho,,,,MD2,,,,r,non,t,non,non,non,non,non,non,non,non,non,non,non,non,non,non,non,non,non,non,non
126,127,1,927.83,927.83,Buah,CA,AR,vf,bo,Bmstm,Ree,,,,MD2,,,,t,non,t,non,crlmstm,non,non,non,non,non,non,non,non,non,non,non,non,non,crlmstm,non,non,non
127,131.2,4.2,932.03,932.03,Buah,CA,AR,f,g,Gt,Sho,,,,MD2,,,,r,non,t,non,non,non,non,non,non,non,non,non,non,non,non,non,non,non,non,non,non,non
131.2,131.4,0.2,932.23,932.23,Buah,CA,AR,vf,w,W,Sho,,,,MD2,,,,r,non,t,non,ml,non,non,non,non,non,non,non,non,non,non,non,non,non,non,non,non,non
131.4,133.4,2,934.23,934.23,Buah,CA,AR,f,g,Gt,Sho,,,,MD2,,,,r,non,t,non,non,non,non,non,non,non,non,non,non,non,non,non,non,non,non,non,non,non
133.4,133.8,0.4,934.63,934.63,Buah,CA,AR,vf,w,W,Sho,,,,MD2,,,,t,non,t,non,non,non,non,non,non,non,non,non,non,non,non,non,non,non,non,non,non,non
133.8,137.2,3.4,938.03,938.03,Buah,CA,AR,f,g,Gt,Sho,,,,MD2,,,,r,non,t,non,non,non,non,non,non,non,non,non,non,non,non,non,non,non,non,non,non,non
137.2,138.4,1.2,939.23,939.23,Buah,CA,AR,vf,p,Gt,Sho,,,,MD2,,,,t,non,t,non,non,non,non,non,non,non,non,non,non,non,non,non,non,non,non,non,non,non
138.4,143,4.6,943.83,943.83,Buah,CA,AR,f,g,Gt,Sho,,,,MD2,,,,r,non,t,non,non,non,non,non,non,non,non,non,non,non,non,non,non,non,non,non,non,non
143,146.4,3.4,947.23,947.23,Buah,CA,AR,m,g,Gt,Sho,,,,MD2,,,,r,non,r,non,non,non,non,non,non,non,non,non,non,non,non,non,non,non,non,non,non,non
146.4,147,0.6,947.83,947.83,Buah,CA,AR,vf,bo,Bmstm,Ree,,,,MD2,,,,t,non,r,non,Msstm,non,non,non,non,non,non,non,non,non,Msstm,non,non,non,non,non,non,non
147,151.6,4.6,952.43,952.43,Buah,CA,AR,m,g,Gt,Sho,,,,MD2,,,,r,non,r,non,non,non,non,non,non,non,non,non,non,non,non,non,non,non,non,non,non,non
151.6,156,4.4,956.83,956.83,Buah,CA,AR,m,g,Gma,Sho,,,,MD2,,,,r,non,r,non,non,non,non,non,non,non,non,non,non,non,non,non,non,non,non,non,non,non
156,162.6,6.6,963.43,963.43,Buah,CA,AR,f,g,Gma,Sho,,,,MD2,,,,t,non,r,non,non,non,non,non,non,non,non,non,non,non,non,non,non,non,non,non,non,non
162.6,163.2,0.6,964.03,964.03,Buah,DL,DL,vf,w,Mfal,Int,,,,MD2,,,,r,non,r,non,non,non,non,non,al,non,non,non,vg,non,non,non,non,non,non,non,non,non
163.2,164,0.8,964.83,964.83,Buah,DL,DL,vf,bo,Bil,Sup,,,,MD2,,,,t,non,r,non,il,non,non,non,non,non,il,non,non,non,non,non,non,non,non,non,non,non
164,165.4,1.4,966.23,966.23,Buah,DL,DL,vf,w,Ms,Sup,,,,MD2,,,,r,non,r,non,non,non,non,silt,non,non,non,non,non,non,non,non,non,non,non,non,non,non
165.4,165.5,0.1,966.33,966.33,Buah,DL,DL,mi,m,Mfal,Int,,,,MD2,,,,t,non,r,non,non,non,non,non,non,non,non,non,non,non,non,non,non,non,non,non,non,non
165.5,167,1.5,967.83,967.83,Buah,DL,DL,vf,w,Tep,Sup,,,,MD2,,,,r,non,r,non,non,non,non,non,non,non,non,non,non,non,non,non,non,non,non,non,non,non
167,167.6,0.6,968.43,968.43,Buah,DL,DL,mi,bo,Bisstm,Int,,,,MD2,,,,t,non,r,non,ecstm,non,non,non,non,non,non,ecstm,non,non,non,non,non,non,non,non,non,non
167.6,168.4,0.8,969.23,969.23,Buah,DL,DL,f,bo,Bisstm,Int,,,,MD2,,,,t,non,r,non,ecstm,non,non,non,non,non,non,ecstm,non,non,non,oo,non,non,non,non,non,non
168.4,171.6,3.2,972.43,972.43,Buah,DL,DL,vf,si,Ms,Sup,,,,MD2,,,,r,non,r,non,non,non,non,silt,non,non,non,non,vg,non,non,non,non,non,non,non,non,non
171.6,172.8,1.2,973.63,973.63,Buah,DL,DL,vf,bo,Bisstm,Int,,,,MD2,,,,t,non,r,non,ecstm,non,non,non,non,non,non,ecstm,non,non,non,non,non,non,non,non,non,non
172.8,173.2,0.4,974.03,974.03,Buah,DL,DL,f,ss,Ss,Sup,,,,MD2,,,,t,non,r,non,non,non,non,sandstone,non,non,non,non,non,non,non,non,non,non,non,non,non,non
173.2,174.8,1.6,975.63,975.63,Buah,DL,DL,vf,si,Ms,Sup,,,,MD2,,,,r,non,r,non,non,non,non,silt,non,non,non,non,non,non,non,non,non,non,non,non,non,non
174.8,175,0.2,975.83,975.83,Buah,DL,DL,mi,m,Mfal,Int,,,,MD2,,,,t,non,r,non,non,non,non,non,non,non,non,non,vg,non,non,non,non,non,non,non,non,non
175,175.4,0.4,976.23,976.23,Buah,DL,DL,vf,si,Ms,Sup,,,,MD2,,,,r,non,r,non,non,non,non,silt,non,non,non,non,non,non,non,non,non,non,non,non,non,non
175.4,175.6,0.2,976.43,976.43,Buah,DL,DL,mi,m,Mfal,Int,,,,MD2,,,,r,non,r,non,non,non,non,non,non,non,non,non,vg,non,non,non,non,non,non,non,non,non
175.6,176.8,1.2,977.63,977.63,Buah,DL,DL,vf,si,Ms,Sup,,,,MD2,,,,r,non,r,non,non,non,non,silt,non,non,non,non,non,non,non,non,non,non,non,non,non,non
176.8,177,0.2,977.83,977.83,Buah,DL,DL,mi,m,Mfal,Int,,,,MD2,,,,r,non,r,non,non,non,non,non,non,non,non,non,vg,non,non,non,non,non,non,non,non,non
177,177.2,0.2,978.03,978.03,Buah,DL,DL,vf,si,Ms,Sup,,,,MD2,,,,r,non,r,non,non,non,non,silt,non,non,non,non,non,non,non,non,non,non,non,non,non,non
177.2,177.5,0.3,978.33,978.33,Buah,DL,DL,mi,m,Mfal,Int,,,,MD2,,,,t,non,r,non,non,non,non,non,non,non,non,non,vg,non,non,non,non,non,non,non,non,non
177.5,178.3,0.8,979.13,979.13,Buah,DL,DL,vf,si,Ms,Sup,,,,MD2,,,,r,non,r,non,non,non,non,silt,non,non,non,non,non,non,non,non,non,non,non,non,non,non
178.3,180.6,2.3,981.43,981.43,Buah,DL,DL,cov,cov,cov,cov,,,,MD2,,,,r,non,r,non,non,non,non,non,non,non,non,non,non,non,non,non,non,non,non,non,non,non
180.6,181.8,1.2,982.63,982.63,Buah,DL,DL,mi,m,Tep,Sup,,,,MD2,,,,t,non,r,non,non,non,non,non,al,non,non,non,non,non,non,non,non,non,non,non,non,non
181.8,182,0.2,982.83,982.83,Buah,DL,DL,f,ss,Ss,Sup,,,,MD2,,,,t,non,r,non,non,non,non,sandstone,non,non,non,non,non,non,non,non,non,non,non,non,non,non
182,183,1,983.83,983.83,Buah,DL,DL,cov,cov,cov,cov,,,,MD2,,,,r,non,r,non,non,non,non,non,non,non,non,non,non,non,non,non,non,non,non,non,non,non
183,183.4,0.4,984.23,984.23,Buah,DL,DL,mi,m,Mfal,Int,,,,MD2,,,,t,non,r,non,non,non,non,non,non,non,non,non,vg,non,non,non,non,non,non,non,non,non
183.4,185.9,2.5,986.73,986.73,Buah,DL,DL,vf,si,Ms,Sup,,,,MD2,,,,r,non,r,non,non,non,non,silt,non,non,non,non,non,non,non,non,non,non,non,non,non,non
185.9,186.3,0.4,987.13,987.13,Buah,DL,DL,f,ss,Ss,Sup,,,,MD2,,,,r,non,r,non,non,non,non,sandstone,non,non,non,non,non,non,non,non,non,non,non,non,non,non
186.3,187,0.7,987.83,987.83,Buah,DL,DL,vf,si,Ms,Sup,,,,MD2,,,,r,non,r,non,non,non,non,silt,non,non,non,non,non,non,non,non,non,non,non,non,non,non
187,188,1,988.83,988.83,Buah,DL,DL,mi,m,Mfal,Int,,,,MD2,,,,t,non,r,non,non,non,non,non,non,non,non,non,vg,non,non,non,non,non,non,non,non,non
188,188.2,0.2,989.03,989.03,Buah,DL,DL,f,ss,Ss,Sup,,,,MD2,,,,t,non,r,non,non,non,non,sandstone,non,non,non,non,non,non,non,non,non,non,non,non,non,non
188.2,189,0.8,989.83,989.83,Buah,DL,DL,vf,si,Ms,Sup,,,,MD2,,,,r,non,r,non,non,non,non,silt,non,non,non,non,non,non,non,non,non,non,non,non,non,non
189,189.2,0.2,990.03,990.03,Buah,DL,DL,mi,m,Mfal,Int,,,,MD2,,,,t,non,r,non,non,non,non,non,al,non,non,non,non,non,non,non,non,non,non,non,non,non
189.2,189.5,0.3,990.33,990.33,Buah,DL,DL,f,ss,Ss,Sup,,,,MD2,,,,t,non,r,non,non,non,non,sandstone,non,non,non,non,non,non,non,non,non,non,non,non,non,non
189.5,190.4,0.9,991.23,991.23,Buah,DL,DL,cov,cov,cov,cov,,,,MD2,,,,r,non,r,non,non,non,non,non,non,non,non,non,non,non,non,non,non,non,non,non,non,non
190.4,190.7,0.3,991.53,991.53,Buah,DL,DL,f,ss,Ss,Sup,,,,MD2,,,,r,non,r,non,non,non,non,sandstone,non,non,non,non,non,non,non,non,non,non,non,non,non,non
190.7,195,4.3,995.83,995.83,Buah,DL,DL,cov,cov,cov,cov,,,,MD2,,,,r,non,r,non,non,non,non,non,non,non,non,non,non,non,non,non,non,non,non,non,non,non
195,195.4,0.4,996.23,996.23,Buah,DL,DL,f,ss,Ss,Sup,,,,MD2,,,,r,non,t,non,non,non,non,sandstone,non,non,non,non,non,non,non,non,non,non,non,non,non,non
195.4,195.7,0.3,996.53,996.53,Buah,DL,DL,cov,cov,cov,cov,,,,MD2,,,,r,non,t,non,non,non,non,non,non,non,non,non,non,non,non,non,non,non,non,non,non,non
195.7,196.2,0.5,997.03,997.03,Buah,DL,DL,vf,w,W,Int,,,,MD2,,,,t,non,t,non,ml,non,non,non,non,non,non,non,non,non,non,non,non,non,non,non,non,non
196.2,198.6,2.4,999.43,999.43,Buah,DL,DL,vf,m,Mfalal,Int,,,,MD2,,,,t,non,t,non,non,non,non,non,non,non,non,non,vg,non,non,non,non,non,non,non,non,non
198.6,199.3,0.7,1000.13,1000.13,Buah,DL,DL,mi,m,W,Int,,,,MD2,,,,r,non,t,non,non,non,non,non,non,non,non,non,non,non,non,non,non,non,non,non,non,non
199.3,200.8,1.5,1001.63,1001.63,Buah,DL,DL,f,ss,Ss,Sup,,,,MD2,,,,r,non,t,non,non,non,non,sandstone,non,non,non,non,non,non,non,non,non,non,non,non,non,non
200.8,201.6,0.8,1002.43,1002.43,Buah,DL,DL,vf,w,Mfalal,Int,,,,MD2,,,,t,non,t,non,crl,non,non,non,non,non,non,non,non,non,non,non,non,non,non,non,non,non
201.6,202.4,0.8,1003.23,1003.23,Buah,DL,DL,vf,bo,Bmstm,Int,,,,MD2,,,,t,non,t,non,dmstm,non,non,non,non,non,non,non,vg,dmstm,non,non,non,non,non,non,non,non
202.4,202.9,0.5,1003.73,1003.73,Buah,DL,DL,cov,cov,cov,cov,,,,MD2,,,,r,non,t,non,non,non,non,non,non,non,non,non,non,non,non,non,non,non,non,non,non,non
202.9,203.2,0.3,1004.03,1004.03,Buah,DL,DL,vf,bo,Bmstm,Int,,,,MD2,,,,r,non,t,non,ilstm,non,non,non,non,non,non,ilstm,vg,non,non,non,non,non,non,non,non,non
203.2,204,0.8,1004.83,1004.83,Buah,DL,DL,cov,cov,cov,cov,,,,MD2,,,,r,non,t,non,non,non,non,non,non,non,non,non,non,non,non,non,non,non,non,non,non,non
204,204.2,0.2,1005.03,1005.03,Buah,DL,DL,mi,m,W,Int,,,,MD2,,,,t,non,t,non,crl,non,non,non,non,non,non,non,non,non,non,non,non,non,non,non,non,non
204.2,205.2,1,1006.03,1006.03,Buah,DL,DL,mi,m,Mfalal,Int,,,,MD2,,,,t,non,t,non,non,non,non,non,non,non,non,non,vg,non,non,non,non,non,non,non,non,non
205.2,206.2,1,1007.03,1007.03,Buah,DL,DL,vf,bo,Bmstm,Int,,,,MD2,,,,t,non,t,non,dmstm,non,non,non,non,non,non,non,non,dmstm,non,non,non,non,non,non,non,non
206.2,206.5,0.3,1007.33,1007.33,Buah,DL,DL,cov,cov,cov,cov,,,,MD2,,,,r,non,t,non,non,non,non,non,non,non,non,non,non,non,non,non,non,non,non,non,non,non
206.5,210,3.5,1010.83,1010.83,Buah,DL,DL,vf,bo,Bmstm,Int,,,,MD2,,,,t,non,t,non,dmstm,non,non,non,non,non,non,non,vg,dmstm,non,non,non,non,non,non,non,non
210,212.2,2.2,1013.03,1013.03,Buah,DL,DL,vf,w,W,Int,,,,MD2,,,,r,non,t,non,non,non,non,non,non,non,non,non,non,non,non,non,non,non,non,non,non,non
212.2,212.5,0.3,1013.33,1013.33,Buah,DL,DL,mi,bo,BMsstm,Int,,,,MD2,,,,t,non,t,non,Msstm,non,non,non,non,non,non,non,non,non,Msstm,non,non,non,non,non,non,non
212.5,213.2,0.7,1014.03,1014.03,Buah,DL,DL,vf,bo,Bmstm,Int,,,,MD2,,,,t,non,t,non,dmstm,non,non,non,non,non,non,non,vg,dmstm,non,non,non,non,non,non,non,non
213.2,214.8,1.6,1015.63,1015.63,Buah,DL,DL,vf,w,W,Int,,,,MD2,,,,r,non,t,non,non,non,non,non,non,non,non,non,vg,non,non,non,non,non,non,non,non,non
214.8,215.4,0.6,1016.23,1016.23,Buah,DL,DL,mi,bo,BMsstm,Int,,,,MD2,,,,t,non,t,non,Msstm,non,non,non,non,non,non,non,non,non,Msstm,non,non,non,non,non,non,non
215.4,215.7,0.3,1016.53,1016.53,Buah,DL,DL,cov,cov,cov,cov,,,,MD2,,,,r,non,t,non,non,non,non,non,non,non,non,non,non,non,non,non,non,non,non,non,non,non
215.7,216.2,0.5,1017.03,1017.03,Buah,DL,DL,vf,bo,Bmstm,Int,,,,MD2,,,,t,non,t,non,dmstm,non,non,non,non,non,non,non,non,dmstm,non,non,non,non,non,non,non,non
216.2,216.8,0.6,1017.63,1017.63,Buah,DL,DL,vf,w,W,Int,,,,MD2,,,,t,non,t,non,non,non,non,non,non,non,non,non,vg,non,non,non,non,non,non,non,non,non
216.8,218,1.2,1018.83,1018.83,Buah,DL,DL,vf,bo,BMsstm,Int,,,,MD2,,,,t,non,t,non,Msstm,non,non,non,non,non,non,non,non,non,Msstm,non,non,non,non,non,non,non
218,218.4,0.4,1019.23,1019.23,Buah,DL,DL,cov,cov,cov,cov,,,,MD2,,,,r,non,t,non,non,non,non,non,non,non,non,non,non,non,non,non,non,non,non,non,non,non
218.4,219.4,1,1020.23,1020.23,Buah,DL,DL,vf,w,Mfalal,Int,,,,MD2,,,,t,non,t,non,non,non,non,non,non,non,non,non,vg,non,non,non,non,non,non,non,non,non
219.4,220,0.6,1020.83,1020.83,Buah,DL,DL,mi,bo,BMsstm,Int,,,,MD2,,,,t,non,t,non,Msstm,non,non,non,non,non,non,non,non,non,Msstm,non,non,non,non,non,non,non
220,220.6,0.6,1021.43,1021.43,Buah,DL,DL,m,ss,Ss,Sup,,,,MD2,,,,r,non,t,non,non,non,non,sandstone,non,non,non,non,non,non,non,non,non,non,non,non,non,non
220.6,221,0.4,1021.83,1021.83,Buah,DL,DL,vf,w,Mfalal,Int,,,,MD2,,,,t,non,t,non,non,non,non,non,non,non,non,non,non,non,non,non,non,non,non,non,non,non
221,222,1,1022.83,1022.83,Buah,DL,DL,vf,bo,Bmstm,Int,,,,MD2,,,,t,non,t,non,dmstm,non,non,non,non,non,non,non,vg,dmstm,non,non,non,non,non,non,non,non
222,223.4,1.4,1024.23,1024.23,Buah,DL,DL,vf,bo,BMsstm,Int,,,,MD2,,,,t,non,t,non,Msstm,non,non,non,non,non,non,non,non,non,Msstm,non,non,non,non,non,non,non
223.4,224,0.6,1024.83,1024.83,Buah,DL,DL,mi,m,W,Int,,,,MD2,,,,r,non,t,non,non,non,non,silt,non,non,non,non,non,non,non,non,non,non,non,non,non,non
224,226.6,2.6,1027.43,1027.43,Buah,DL,DL,vf,bo,BMsstm,Int,,,,MD2,,,,t,non,t,non,Msstm,non,non,non,non,non,non,non,vg,non,Msstm,non,non,non,non,non,non,non
226.6,227.4,0.8,1028.23,1028.23,Buah,DL,DL,mi,m,W,Int,,,,MD2,,,,r,non,t,non,non,non,non,non,non,non,non,non,non,non,non,non,non,non,non,non,non,non
227.4,228.9,1.5,1029.73,1029.73,Buah,DL,DL,vf,bo,BMsstm,Int,,,,MD2,,,,t,non,t,non,Msstm,non,non,non,non,non,non,non,non,non,Msstm,non,non,non,non,non,non,non
228.9,229,0.1,1029.83,1029.83,Buah,DL,DL,mi,m,W,Int,,,,MD2,,,,r,non,t,non,non,non,non,non,non,non,non,non,non,non,non,non,non,non,non,non,non,non
229,229.8,0.8,1030.63,1030.63,Buah,DL,DL,vf,bo,Bmstm,Int,,,,MD2,,,,t,non,t,non,dmstm,non,non,non,non,non,non,non,vg,dmstm,non,non,non,non,non,non,non,non
229.8,231.5,1.7,1032.33,1032.33,Buah,DL,DL,vf,bo,Bilstm,Int,,,,MD2,,,,t,non,t,non,non,non,non,non,non,non,non,non,non,non,non,non,non,non,non,non,non,non
231.5,232.2,0.7,1033.03,1033.03,Buah,DL,DL,mi,m,W,Int,,,,MD2,,,,r,non,t,non,non,non,non,silt,non,non,non,non,non,non,non,non,non,non,non,non,non,non
232.2,233,0.8,1033.83,1033.83,Buah,DL,DL,vf,bo,Bmstm,Int,,,,MD2,,,,t,non,t,non,dmstm,non,non,non,non,non,non,non,vg,dmstm,non,non,non,non,non,non,non,non
233,233.8,0.8,1034.63,1034.63,Buah,DL,DL,vf,w,W,Int,,,,MD2,,,,t,non,t,non,non,non,non,non,non,non,non,non,non,non,non,non,non,non,non,non,non,non
233.8,234,0.2,1034.83,1034.83,Buah,DL,DL,vf,bo,Bil,Sup,,,,MD2,,,,r,non,t,non,il,non,non,non,non,non,il,non,non,non,non,non,non,non,non,non,non,non
234,234.2,0.2,1035.03,1035.03,Buah,DL,DL,mi,Si,Ms,Sup,,,,MD2,,,,r,non,t,non,non,non,non,non,non,non,non,non,non,non,non,non,non,non,non,non,non,non
234.2,235.6,1.4,1036.43,1036.43,Buah,DL,DL,vf,bo,BMsstm,Int,,,,MD2,,,,t,non,t,non,Msstm,non,non,non,non,non,non,non,non,non,Msstm,non,non,non,non,non,non,non
235.6,236,0.4,1036.83,1036.83,Buah,DL,DL,vf,bo,Bmstm,Int,,,,MD2,,,,t,non,t,non,dmstm,non,non,non,non,non,non,non,non,dmstm,non,non,non,non,non,non,non,non
236,237.4,1.4,1038.23,1038.23,Buah,DL,DL,vf,w,Bil,Sup,,,,MD2,,,,r,non,t,non,il,non,non,non,non,non,il,non,vg,non,non,non,non,non,non,non,non,non
237.4,238,0.6,1038.83,1038.83,Buah,DL,DL,mi,m,W,Int,,,,MD2,,,,r,non,t,non,non,non,non,non,non,non,non,non,non,non,non,non,non,non,non,non,non,non
238,239.4,1.4,1040.23,1040.23,Buah,DL,DL,vf,bo,BMsstm,Int,,,,MD2,,,,t,non,t,non,Msstm,non,non,non,non,non,non,non,non,non,Msstm,oo,non,non,non,non,non,non
239.4,239.8,0.4,1040.63,1040.63,Buah,DL,DL,mi,m,W,Int,,,,MD2,,,,r,non,t,non,non,non,non,non,non,non,non,non,non,non,non,non,non,non,non,non,non,non
239.8,240,0.2,1040.83,1040.83,Buah,DL,DL,f,g,Goo,Int,,,,MD2,,,,t,non,t,non,non,non,non,non,non,non,non,non,non,non,non,oo,non,non,non,non,non,non
240,241.2,1.2,1042.03,1042.03,Buah,DL,DL,vf,bo,BMsstm,Int,,,,MD2,,,,t,non,t,non,Msstm,non,non,non,non,non,non,non,non,non,Msstm,non,non,non,non,non,non,non
241.2,243.2,2,1044.03,1044.03,Buah,DL,DL,mi,m,W,Int,,,,MD2,,,,r,non,r,non,non,non,non,non,non,non,non,non,non,non,non,non,non,non,non,non,non,non
243.2,244.8,1.6,1045.63,1045.63,Buah,DL,DL,vf,bo,BMsstm,Int,,,,MD2,,,,t,non,r,non,Msstm,non,non,non,non,non,non,non,vg,non,Msstm,non,non,non,non,non,non,non
244.8,246.5,1.7,1047.33,1047.33,Buah,DL,DL,mi,m,Mfalal,Int,,,,MD2,,,,r,non,r,non,non,non,non,non,al,non,non,non,vg,non,non,non,non,non,non,non,non,non
246.5,247.1,0.6,1047.93,1047.93,Buah,DL,DL,vf,bo,BMsstm,Int,,,,MD2,,,,t,non,r,non,Msstm,non,non,non,non,non,non,non,non,non,Msstm,non,non,non,non,non,non,non
247.1,248,0.9,1048.83,1048.83,Buah,DL,DL,mi,m,W,Int,,,,MD2,,,,r,non,r,non,non,non,non,non,al,non,non,non,non,non,non,non,non,non,non,non,non,non
248,248.3,0.3,1049.13,1049.13,Buah,DL,DL,vf,bo,BMsstm,Int,,,,MD2,,,,t,non,r,non,Msstm,non,non,non,non,non,non,non,non,non,Msstm,non,non,non,non,non,non,non
248.3,249,0.7,1049.83,1049.83,Buah,DL,DL,f,p,W,Int,,,,MD2,,,,t,non,r,non,non,non,non,non,al,non,non,non,non,non,non,non,non,non,non,non,non,non
249,250.8,1.8,1051.63,1051.63,Buah,DL,DL,mi,m,Mfal,Int,,,,MD2,,,,r,non,r,non,non,non,non,non,non,non,non,non,vg,non,non,non,non,non,non,non,non,non
250.8,252.4,1.6,1053.23,1053.23,Buah,DL,DL,vf,bo,BMsstm,Int,,,,MD2,,,,t,non,r,non,Msstm,non,non,non,non,non,non,non,non,non,Msstm,non,non,non,non,non,non,non
252.4,255.2,2.8,1056.03,1056.03,Buah,DL,DL,cov,cov,cov,cov,,,,MD2,,,,r,non,r,non,non,non,non,non,non,non,non,non,non,non,non,non,non,non,non,non,non,non
255.2,256.8,1.6,1057.63,1057.63,Buah,DL,DL,mi,m,W,Int,,,,MD2,,,,t,non,r,non,non,non,non,non,non,non,non,non,non,non,non,non,non,non,non,non,non,non
256.8,259,2.2,1059.83,1059.83,Buah,DL,DL,vf,bo,BMsstm,Int,,,,MD2,,,,t,non,r,non,Msstm,non,non,non,non,non,non,non,non,non,Msstm,non,non,non,non,non,non,non
259,259.6,0.6,1060.43,1060.43,Buah,DL,DL,mi,m,W,Int,,,,MD2,,,,r,non,r,non,non,non,non,non,non,non,non,non,non,non,non,non,non,non,non,non,non,non
259.6,260.3,0.7,1061.13,1061.13,Buah,DL,DL,vf,w,Mfal,Int,,,,MD2,,,,r,non,r,non,non,non,non,non,non,non,non,non,non,non,non,non,non,non,non,non,non,non
260.3,261.6,1.3,1062.43,1062.43,Buah,DL,DL,cov,cov,cov,cov,,,,MD2,,,,r,non,r,non,non,non,non,non,non,non,non,non,non,non,non,non,non,non,non,non,non,non
261.6,262,0.4,1062.83,1062.83,Buah,DL,DL,f,g,Goo,Int,,,,MD2,,,,t,non,r,non,non,non,non,non,non,non,non,non,non,non,non,non,non,non,non,non,non,non
262,264.4,2.4,1065.23,1065.23,Buah,DL,DL,cov,cov,cov,cov,,,,MD2,,,,r,non,r,non,non,non,non,non,non,non,non,non,non,non,non,non,non,non,non,non,non,non
264.4,264.8,0.4,1065.63,1065.63,Buah,DL,DL,mi,m,Mfal,Int,,,,MD2,,,,t,non,r,non,non,non,non,non,non,non,non,non,vg,non,non,non,non,non,non,non,non,non
264.8,265.4,0.6,1066.23,1066.23,Buah,DL,DL,cov,cov,cov,cov,,,,MD2,,,,r,non,r,non,non,non,non,non,non,non,non,non,non,non,non,non,non,non,non,non,non,non
265.4,269,3.6,1069.83,1069.83,Buah,DL,DL,vf,bo,BMsstm,Int,,,,MD2,,,,t,non,r,non,Msstm,non,non,non,non,non,non,non,non,non,Msstm,non,non,non,non,non,non,non
269,271,2,1071.83,1071.83,Buah,DL,DL,vf,w,Mfal,Int,,,,MD2,,,,r,non,r,non,non,non,non,non,al,non,non,non,vg,non,non,non,non,non,non,non,non,non
271,273,2,1073.83,1073.83,Buah,DL,DL,vf,w,Mfal,Int,,,,MD2,,,,r,non,r,non,non,non,non,non,non,non,non,non,vg,non,non,non,non,non,non,non,non,non
273,277,4,1077.83,1077.83,Buah,DL,DL,cov,cov,cov,cov,,,,MD2,,,,r,non,r,non,non,non,non,non,non,non,non,non,non,non,non,non,non,non,non,non,non,non
277,278,1,1078.83,1078.83,Buah,DL,DL,vf,bo,B,Mss,,,,MD2,,,,t,non,r,non,Msstm,non,non,non,non,non,non,non,vg,non,Msstm,non,non,non,non,non,non,non
278,279,1,1079.83,1079.83,Buah,DL,DL,vf,w,W,Int,,,,MD2,,,,r,non,r,non,non,non,non,non,non,non,non,non,non,non,non,non,non,non,non,non,non,non
279,279.4,0.4,1080.23,1080.23,Buah,DL,DL,f,g,Gmaa,Int,,,,MD2,,,,t,non,r,non,non,non,non,non,non,non,non,non,non,non,non,non,non,non,non,non,non,non
279.4,281,1.6,1081.83,1081.83,Buah,DL,DL,f,ss,Ss,Sup,,,,MD2,,,,t,non,r,non,non,non,non,sandstone,non,non,non,non,non,non,non,non,non,non,non,non,non,non
281,281.2,0.2,1082.03,1082.03,Buah,DL,DL,cov,cov,cov,cov,,,,MD2,,,,r,non,r,non,non,non,non,non,non,non,non,non,non,non,non,non,non,non,non,non,non,non
281.2,282,0.8,1082.83,1082.83,Buah,DL,DL,vf,bo,Bil,Sup,,,,MD2,,,,r,non,r,non,il,non,non,non,non,non,il,non,non,non,non,non,non,non,non,non,non,non
282,282.1,0.1,1082.93,1082.93,Buah,DL,DL,mi,m,Mfal,Int,,,,MD2,,,,r,non,r,non,non,non,non,non,non,non,non,non,non,non,non,non,non,non,non,non,non,non
282.1,284.5,2.4,1085.33,1085.33,Buah,DL,DL,cov,cov,cov,cov,,,,MD2,,,,r,non,r,non,non,non,non,non,non,non,non,non,non,non,non,non,non,non,non,non,non,non
284.5,285.4,0.9,1086.23,1086.23,Buah,DL,DL,m,ss,Ss,Sup,,,,MD2,,,,t,non,r,non,non,non,non,sandstone,non,non,non,non,non,non,non,non,non,non,non,non,non,non
285.4,291.1,5.7,1091.93,1091.93,Buah,DL,DL,cov,cov,cov,cov,,,,MD2,,,,r,non,r,non,non,non,non,non,non,non,non,non,non,non,non,non,non,non,non,non,non,non
291.1,295.8,4.7,1096.63,1096.63,Buah,DL,DL,m,ss,Ss,Sup,,,,MD2,,,,t,non,r,non,non,non,non,sandstone,non,non,non,non,non,non,non,non,non,non,non,non,non,non
295.8,298,2.2,1098.83,1098.83,Buah,DL,DL,vf,bo,Bilstm,Int,,,,MD2,,,,r,non,r,non,ilstm,non,non,non,non,non,non,ilstm,non,non,non,non,non,non,non,non,non,non
298,298.9,0.9,1099.73,1099.73,Buah,DL,DL,f,ss,Ss,Sup,,,,MD2,,,,r,non,r,non,non,non,non,sandstone,non,non,non,non,non,non,non,non,non,non,non,non,non,non
298.9,299.2,0.3,1100.03,1100.03,Buah,DL,DL,vf,bo,Bil,Sup,,,,MD2,,,,r,non,r,non,il,non,non,non,non,non,il,non,non,non,non,non,non,non,non,non,non,non
299.2,300.8,1.6,1101.63,1101.63,Buah,DL,DL,f,ss,Ss,Sup,,,,MD2,,,,r,non,r,non,non,non,non,sandstone,non,non,non,non,non,non,non,non,non,non,non,non,non,non
300.8,301.8,1,1102.63,1102.63,Buah,DL,DL,vf,bo,Bil,Sup,,,,MD2,,,,t,non,r,non,il,non,non,non,non,non,il,non,non,non,non,non,non,non,non,non,non,non
301.8,303.6,1.8,1104.43,1104.43,Buah,DL,DL,mi,m,Mfalal,Int,,,,MD2,,,,t,non,r,non,non,non,non,non,non,non,non,non,non,non,non,non,non,non,non,non,non,non
303.6,305.8,2.2,1106.63,1106.63,Buah,DL,DL,mi,bo,BMsstm,Int,,,,MD2,,,,t,non,r,non,Msstm,non,non,non,non,non,non,non,non,non,Msstm,non,non,non,non,non,non,non
305.8,306.1,0.3,1106.93,1106.93,Buah,DL,DL,mi,m,W,Int,,,,MD2,,,,r,non,r,non,non,non,non,non,non,non,non,non,non,non,non,non,non,non,non,non,non,non
306.1,306.5,0.4,1107.33,1107.33,Buah,DL,DL,cov,cov,cov,cov,,,,MD2,,,,r,non,r,non,non,non,non,non,non,non,non,non,non,non,non,non,non,non,non,non,non,non
306.5,306.7,0.2,1107.53,1107.53,Buah,DL,DL,f,ss,Ss,Sup,,,,MD2,,,,r,non,r,non,non,non,non,sandstone,non,non,non,non,non,non,non,non,non,non,non,non,non,non
306.7,311,4.3,1111.83,1111.83,Buah,DL,DL,cov,cov,cov,cov,,,,MD2,,,,r,non,r,non,non,non,non,non,non,non,non,non,non,non,non,non,non,non,non,non,non,non
311,311.4,0.4,1112.23,1112.23,Buah,DL,DL,vf,w,W,Int,,,,MD2,,,,t,non,r,non,non,non,non,non,non,non,non,non,non,non,non,non,non,non,non,non,non,non
311.4,312,0.6,1112.83,1112.83,Buah,DL,DL,vf,bo,BMsstm,Int,,,,MD2,,,,t,non,r,non,Msstm,non,non,non,non,non,non,non,non,non,Msstm,non,non,non,non,non,non,non
312,313,1,1113.83,1113.83,Buah,DL,DL,vf,w,W,Int,,,,MD2,,,,r,non,r,non,non,non,non,non,non,non,non,non,non,non,non,non,non,non,non,non,non,non
313,316.4,3.4,1117.23,1117.23,Buah,DL,DL,cov,cov,cov,cov,,,,MD2,,,,r,non,r,non,non,non,non,non,non,non,non,non,non,non,non,non,non,non,non,non,non,non
316.4,317.4,1,1118.23,1118.23,Buah,DL,DL,vf,w,W,Int,,,,MD2,,,,t,non,r,non,non,non,non,non,non,non,non,non,non,non,non,non,non,non,non,non,non,non
317.4,318,0.6,1118.83,1118.83,Buah,DL,DL,vf,bo,Bil,Sup,,,,MD2,,,,t,non,r,non,il,non,non,non,non,non,il,non,non,non,non,non,non,non,non,non,non,non
318,318.2,0.2,1119.03,1119.03,Buah,DL,DL,vf,w,W,Int,,,,MD2,,,,r,non,r,non,ml,non,non,non,non,non,non,non,non,non,non,non,non,non,non,non,non,non
318.2,336,17.8,1136.83,1136.83,Buah,DL,DL,cov,cov,cov,cov,,,,MD2,,,,non,non,non,non,non,non,non,non,non,non,non,non,non,non,non,non,non,non,non,non,non,non
336,337,1,1137.83,1137.83,Buah,DL,DL,m,ss,Ss,Sup,,,,MD2,,,,non,non,non,non,non,non,non,non,non,non,non,non,non,non,non,non,non,non,non,non,non,non
337,337.8,0.8,1138.63,1138.63,Buah,DL,DL,cov,cov,cov,cov,,,,MD2,,,,non,non,non,non,non,non,non,non,non,non,non,non,non,non,non,non,non,non,non,non,non,non
337.8,338,0.2,1138.83,1138.83,Buah,DL,DL,vf,bo,Bil,Int,,,,MD2,,,,non,non,non,non,non,non,non,non,non,non,non,non,non,non,non,non,non,non,non,non,non,non
234.4,242.8,8.4,1147.23,1147.23,Buah,DL,DL,cov,cov,cov,cov,,,,ST1,,,,r,non,r,non,non,non,DOL,non,non,non,non,non,non,non,non,non,non,non,non,non,non,
242.8,244.5,1.7,1148.93,1148.93,Buah,DL,DL,m,ss,Ss,Supratidal,,,,ST1,,,,t,non,t,tb,non,non,sandstone,sandstone,non,non,non,non,non,non,non,non,non,non,non,non,non,
244.5,245,0.5,1149.43,1149.43,Buah,DL,DL,cov,cov,cov,cov,,,,ST1,,,,r,non,t,non,non,non,DOL,non,non,non,non,non,non,non,non,non,non,non,non,non,non,
245,245.5,0.5,1149.93,1149.93,Buah,DL,DL,mi,w,Mfalal,Intertidal,,,,ST1,,,,r,non,t,non,non,al,DOL,non,al,non,non,non,non,non,non,non,non,non,non,non,non,
245.5,246.6,1.1,1151.03,1151.03,Buah,DL,DL,vf,bo,Bmstm,Intertidal,,,,ST1,,,,t,non,t,non,dmstm,non,DOL,non,non,non,non,non,non,dmstm,non,non,non,non,non,non,non,
246.6,248,1.4,1152.43,1152.43,Buah,DL,DL,f,bo,Bmstm,Intertidal,,,,ST1,,,,t,non,t,non,dmstm,non,DOL,non,non,non,non,non,non,dmstm,non,non,non,non,non,non,non,
248,248.2,0.2,1152.63,1152.63,Buah,DL,DL,f,bo,Bmstm,Intertidal,,,,ST1,,,,r,non,t,non,dmstm,non,DOL,non,non,non,non,non,non,dmstm,non,non,non,non,non,non,non,
248.2,248.4,0.2,1152.83,1152.83,Buah,DL,DL,cov,cov,cov,cov,,,,ST1,,,,t,non,t,non,non,non,DOL,non,non,non,non,non,non,non,non,non,non,non,non,non,non,
248.4,252.2,3.8,1156.63,1156.63,Buah,DL,DL,f,p,Gmaa,Intertidal,,,,ST1,,,,t,non,t,non,cl,non,DOL,non,non,non,non,non,non,non,non,non,non,non,non,non,non,
252.2,252.8,0.6,1157.23,1157.23,Buah,DL,DL,f,bo,Bil,Supratidal,,,,ST1,,,,r,non,t,non,il,non,DOL,non,non,non,il,non,non,non,non,non,non,non,non,non,non,
252.8,253,0.2,1157.43,1157.43,Buah,DL,DL,cov,cov,cov,cov,,,,ST1,,,,r,non,t,non,non,non,DOL,non,non,non,non,non,non,non,non,non,non,non,non,non,non,
253,255,2,1159.43,1159.43,Buah,DL,DL,c,r,Tep,Supratidal,,,,ST1,,,,t,non,t,non,non,breccia,DOL,non,non,non,non,non,non,non,non,non,non,non,non,non,non,
255,255.8,0.8,1160.23,1160.23,Buah,DL,DL,f,g,Gmaa,Intertidal,,,,ST1,,,,t,non,t,non,fl,non,DOL,non,non,non,non,non,non,non,non,non,non,non,non,non,non,
255.8,256,0.2,1160.43,1160.43,Buah,DL,DL,vf,bo,Bmstm,Intertidal,,,,ST1,,,,t,non,t,non,dmstm,non,DOL,non,non,non,non,non,non,dmstm,non,non,non,non,non,non,non,
256,258,2,1162.43,1162.43,Buah,DL,DL,vf,bo,Bmstm,Intertidal,,,,ST1,,,,t,non,t,non,dmstm,non,DOL,non,non,non,non,non,non,dmstm,non,non,non,non,non,non,non,
258,258.8,0.8,1163.23,1163.23,Buah,DL,DL,mi,bo,BMsstm,Intertidal,,,,ST1,,,,t,non,t,non,Msstm,non,DOL,non,non,non,non,non,non,non,Msstm,non,non,non,non,non,non,
258.8,260,1.2,1164.43,1164.43,Buah,DL,DL,vf,g,Icg,Intertidal,,,,ST1,,,,t,non,t,non,non,rip,DOL,non,non,non,non,non,non,non,non,non,Rip,non,non,non,non,
260,261.6,1.6,1166.03,1166.03,Buah,DL,DL,mi,bo,Bil,Supratidal,,,,ST1,,,,r,non,t,non,il,non,DOL,non,non,non,il,non,non,non,non,non,non,non,non,non,non,
261.6,262.5,0.9,1166.93,1166.93,Buah,DL,DL,vf,g,Icg,Intertidal,,,,ST1,,,,t,non,t,tb,ml,non,DOL,non,non,non,non,non,non,non,non,non,non,non,non,non,non,
262.5,263.1,0.6,1167.53,1167.53,Buah,DL,DL,c,r,Tep,Supratidal,,,,ST1,,,,t,non,t,non,non,breccia,DOL,non,non,non,non,non,non,non,non,non,non,non,non,non,non,
263.1,264.7,1.6,1169.13,1169.13,Buah,DL,DL,vf,g,Icg,Intertidal,,,,ST1,,,,t,non,t,tb,non,rip,DOL,non,non,non,non,non,non,non,non,non,Rip,non,non,non,non,
264.7,266.5,1.8,1170.93,1170.93,Buah,DL,DL,cov,cov,cov,cov,,,,ST1,,,,r,non,t,non,non,non,DOL,non,non,non,non,non,non,non,non,non,non,non,non,non,non,
266.5,269,2.5,1173.43,1173.43,Buah,DL,DL,vf,bo,Bisstm,Lagoon,,,,ST1,,,,t,non,t,non,isstm,non,DOL,non,non,non,non,non,non,non,isstm,non,non,non,non,non,non,
269,272,3,1176.43,1176.43,Buah,DL,DL,f,bo,Bconstm,Lagoon,,,,ST1,,,,t,non,t,non,constm,non,DOL,non,non,non,non,non,non,non,non,non,non,constm,non,non,non,
272,275,3,1179.43,1179.43,Buah,DL,DL,cov,cov,cov,cov,,,,ST1,,,,r,non,t,non,non,non,DOL,non,non,non,non,non,non,non,non,non,non,non,non,non,non,
275,276.2,1.2,1180.63,1180.63,Buah,DL,DL,vf,bo,Bisstm,Lagoon,,,,ST1,,,,t,non,t,non,isstm,non,DOL,non,non,non,non,non,non,non,isstm,non,non,non,non,non,non,
276.2,278.6,2.4,1183.03,1183.03,Buah,DL,DL,f,bo,Bconstm,Lagoon,,,,ST1,,,,t,non,t,non,constm,non,DOL,non,non,non,non,non,non,non,non,non,non,constm,non,non,non,
278.6,279,0.4,1183.43,1183.43,Buah,DL,DL,f,w,W,Lagoon,,,,ST1,,,,t,non,r,non,cl,non,DOL,non,non,non,non,non,non,non,non,non,non,non,non,non,non,
279,280,1,1184.43,1184.43,Buah,DL,DL,f,p,Gmaa,Shoal,,,,ST1,,,,r,non,r,non,non,non,DOL,non,non,non,non,non,non,non,non,non,non,non,non,non,non,
280,281.8,1.8,1186.23,1186.23,Buah,DL,DL,f,bo,Bcrl,Lagoon,,,,ST1,,,,r,non,r,tb,non,non,DOL,non,non,non,non,non,non,non,non,non,non,non,non,non,non,
281.8,287.4,5.6,1191.83,1191.83,Buah,DL,DL,f,p,Gmaa,Shoal,,,,ST1,,,,t,non,r,non,non,non,DOL,non,non,non,non,non,non,non,non,non,Rip,non,non,non,non,
287.4,288,0.6,1192.43,1192.43,Buah,DL,DL,c,r,Icg,Shoal,,,,ST1,,,,r,non,r,non,non,breccia,DOL,non,non,non,non,non,non,non,non,non,non,non,non,non,non,
288,288.5,0.5,1192.93,1192.93,Buah,DL,DL,cov,cov,cov,cov,,,,ST1,,,,r,non,r,non,non,non,DOL,non,non,non,non,non,non,non,non,non,non,non,non,non,non,
288.5,290.2,1.7,1194.63,1194.63,Buah,DL,DL,f,g,Goo,Shoal,,,,ST1,,,,t,non,r,non,non,oo,DOL,non,non,non,non,non,non,non,non,oo,non,non,non,non,non,
290.2,291.6,1.4,1196.03,1196.03,Buah,DL,DL,f,g,Gmaa,Shoal,,,,ST1,,,,t,non,r,tb,non,sparse oo,DOL,non,non,non,non,non,non,non,non,oo,non,non,non,non,non,
291.6,294,2.4,1198.43,1198.43,Buah,DL,DL,cov,cov,cov,cov,,,,ST1,,,,r,non,r,non,non,non,DOL,non,non,non,non,non,non,non,non,non,non,non,non,non,non,
294,296.8,2.8,1201.23,1201.23,Buah,DL,DL,f,g,Goo,Shoal,,,,ST1,,,,t,non,r,tkb,cl,10 qtz sand,DOL,10 qtz sand,non,non,non,non,non,non,non,non,non,non,non,non,non,
296.8,298,1.2,1202.43,1202.43,Buah,DL,DL,vf,g,W,Lagoon,,,,ST1,,,,t,non,r,vtb,cl,non,DOL,non,non,non,non,non,non,non,non,non,non,non,non,non,non,
298,299,1,1203.43,1203.43,Buah,DL,DL,f,bo,Bmstm,Intertidal,,,,ST1,,,,t,non,r,non,dmstm,non,DOL,non,non,non,non,non,non,dmstm,non,non,non,non,non,non,non,
299,299.5,0.5,1203.93,1203.93,Buah,DL,DL,vf,bo,BMsstm,Intertidal,,,,ST1,,,,t,non,r,non,Msstm,oo,DOL,non,non,non,non,non,non,non,Msstm,oo,non,non,non,non,non,
299.5,300,0.5,1204.43,1204.43,Buah,DL,DL,vf,g,W,Intertidal,,,,ST1,,,,r,non,r,vtb,cl,non,DOL,non,non,non,non,non,non,non,non,non,non,non,non,non,non,
300,310,10,1214.43,1214.43,Buah,DL,DL,cov,cov,cov,cov,,,,ST1,,,,r,non,r,non,non,non,DOL,non,non,non,non,non,non,non,non,non,non,non,non,non,non,
310,310.6,0.6,1215.03,1215.03,Buah,DL,DL,vf,bo,BMsstm,Intertidal,,,,ST1,,,,t,non,r,non,Msstm,non,DOL,non,non,non,non,non,non,non,Msstm,non,non,non,non,non,non,
310.6,317,6.4,1221.43,1221.43,Buah,DL,DL,cov,cov,cov,cov,,,,ST1,,,,r,non,r,non,non,non,DOL,non,non,non,non,non,non,non,non,non,non,non,non,non,non,
317,317.8,0.8,1222.23,1222.23,Buah,DL,DL,vf,w,W,Intertidal,,,,ST1,,,,t,non,r,non,non,non,DOL,non,non,non,non,non,non,non,non,non,non,non,non,non,non,
317.8,318.2,0.4,1222.63,1222.63,Buah,DL,DL,f,bo,Bil,Supratidal,,,,ST1,,,,r,non,r,non,il,si,DOL,non,non,non,il,non,non,non,non,non,non,non,non,non,non,
318.2,325.5,7.3,1229.93,1229.93,Buah,DL,DL,cov,cov,cov,cov,,,,ST1,,,,r,non,r,non,non,non,DOL,non,non,non,non,non,non,non,non,non,non,non,non,non,non,
325.5,326.5,1,1230.93,1230.93,Buah,DL,DL,vf,bo,Bmstm,Intertidal,,,,ST1,,,,t,non,r,non,dmstm,non,DOL,non,non,non,non,non,non,dmstm,non,non,non,non,non,non,non,
326.5,327.6,1.1,1232.03,1232.03,Buah,DL,DL,cov,cov,cov,cov,,,,ST1,,,,r,non,r,non,non,non,DOL,non,non,non,non,non,non,non,non,non,non,non,non,non,non,
327.6,327.8,0.2,1232.23,1232.23,Buah,DL,DL,vf,w,W,Intertidal,,,,ST1,,,,t,non,r,non,cl,non,DOL,non,non,non,non,non,non,non,non,non,non,non,non,non,non,
327.8,328.3,0.5,1232.73,1232.73,Buah,DL,DL,cov,cov,cov,cov,,,,ST1,,,,r,non,r,non,non,non,DOL,non,non,non,non,non,non,non,non,non,non,non,non,non,non,
328.3,329.2,0.9,1233.63,1233.63,Buah,DL,DL,vf,g,Gmaa,Intertidal,,,,ST1,,,,t,non,r,tb,non,non,DOL,non,non,non,non,non,non,non,non,non,non,non,non,non,non,
329.2,330,0.8,1234.43,1234.43,Buah,DL,DL,cov,cov,cov,cov,,,,ST1,,,,r,non,r,non,non,non,DOL,non,non,non,non,non,non,non,non,non,non,non,non,non,non,
330,331.6,1.6,1236.03,1236.03,Buah,DL,DL,mi,m,W,Intertidal,,,,ST1,,,,t,non,r,tb,fl,non,DOL,non,non,non,non,non,non,non,non,non,non,non,non,non,non,
331.6,333.2,1.6,1237.63,1237.63,Buah,DL,DL,mi,m,W,Intertidal,,,,ST1,,,,t,non,r,tb,fl,non,DOL,non,non,non,non,non,non,non,non,non,non,non,non,non,non,
0,0.6,0.6,1238.23,1238.23,Buah,DL,DL,mi,m,Ml/W,Lgn,,,,SB1,,,,r,r,r,non,ml,non,non,non,non,non,non,non,non,non,non,non,non,non,non,non,non,
0.6,2,1.4,1239.63,1239.63,Buah,DL,DL,cov,cov,cov,cov,,,,SB1,,,,t,r,r,non,non,non,non,non,non,non,non,non,non,non,non,non,non,non,non,non,non,
2,2.5,0.5,1240.13,1240.13,Buah,DL,DL,mi,bo,Bilstm,Int,,,,SB1,,,,r,r,r,non,ilstm,non,non,non,non,non,non,ilstm,non,non,non,non,non,non,non,non,non,
2.5,2.8,0.3,1240.43,1240.43,Buah,DL,DL,cov,cov,cov,cov,,,,SB1,,,,t,r,r,non,non,non,non,non,non,non,non,non,non,non,non,non,non,non,non,non,non,
2.8,3.2,0.4,1240.83,1240.83,Buah,DL,DL,vf,bo,Bilstm,Int,,,,SB1,,,,r,r,r,non,ilstm,non,non,non,non,non,non,ilstm,non,non,non,non,non,non,non,non,non,
3.2,3.8,0.6,1241.43,1241.43,Buah,DL,DL,cov,cov,cov,non,,,,SB1,,,,t,r,r,non,non,non,non,non,non,non,non,non,non,non,non,non,non,non,non,non,non,
3.8,4.4,0.6,1242.03,1242.03,Buah,DL,DL,mi,m,Ml/W,Lgn,,,,SB1,,,,r,r,r,non,ml,non,non,non,non,non,non,non,non,non,non,non,non,non,non,non,non,
4.4,5.3,0.9,1242.93,1242.93,Buah,DL,DL,cov,cov,cov,non,,,,SB1,,,,t,t,r,non,non,non,non,non,non,non,non,non,non,non,non,non,non,non,non,non,non,
5.3,7,1.7,1244.63,1244.63,Buah,DL,DL,vf,g,Gmaa,non,,,,SB1,,,,r,t,r,non,non,non,non,non,non,non,non,non,non,non,non,non,non,non,non,non,non,
7,8,1,1245.63,1245.63,Buah,DL,DL,vf,w,Tep,Supr,,,,SB1,,,,r,r,r,non,non,non,non,non,non,non,non,non,non,non,non,non,non,non,non,non,non,
8,9.5,1.5,1247.13,1247.13,Buah,DL,DL,vf,bo,Bmstm,Int,,,,SB1,,,,t,r,r,non,dmstm,non,non,non,non,non,non,non,non,dmstm,non,non,non,non,non,non,non,
9.5,10.4,0.9,1248.03,1248.03,Buah,DL,DL,mi,m,Mfal,Int,,,,SB1,,,,r,r,r,non,non,vg,non,non,non,non,non,non,vg,non,non,non,non,non,non,non,non,
10.4,17.8,7.4,1255.43,1255.43,Buah,DL,DL,mi,m,Ml/W,Lgn,,,,SB1,,,,r,r,r,tb,non,non,non,non,non,non,non,non,non,non,non,non,non,non,non,non,non,
17.8,20,2.2,1257.63,1257.63,Buah,DL,DL,vf,bo,Bil,Supr,,,,SB1,,,,r,r,r,non,il,non,non,non,non,non,il,non,non,non,non,non,non,non,non,non,non,
20,20.6,0.6,1258.23,1258.23,Buah,DL,DL,cov,cov,cov,non,,,,SB1,,,,t,r,r,non,non,non,non,non,non,non,non,non,non,non,non,non,non,non,non,non,non,
20.6,21.8,1.2,1259.43,1259.43,Buah,DL,DL,vf,w,Mfal,Int,,,,SB1,,,,t,r,r,tb,non,vg,non,non,non,non,non,non,vg,non,non,non,non,non,non,non,non,
21.8,22.5,0.7,1260.13,1260.13,Buah,DL,DL,vf,bo,Bilstm,Int,,,,SB1,,,,r,r,r,non,ilstm,non,non,non,non,non,non,ilstm,non,non,non,non,non,non,non,non,non,
22.5,23,0.5,1260.63,1260.63,Buah,DL,DL,mi,m,Ml/W,Supr,,,,SB1,,,,t,r,r,non,ml,non,non,non,non,non,non,non,non,non,non,non,non,non,non,non,non,
23,23.8,0.8,1261.43,1261.43,Buah,DL,DL,vf,bo,Bilstm,Supr,,,,SB1,,,,r,r,r,non,ilstm,non,non,non,non,non,non,ilstm,non,non,non,non,non,non,non,non,non,
23.8,24,0.2,1261.63,1261.63,Buah,DL,DL,mi,m,Ml/W,Supr,,,,SB1,,,,t,r,r,non,non,non,non,non,non,non,non,non,non,non,non,non,non,non,non,non,non,
24,24.5,0.5,1262.13,1262.13,Buah,DL,DL,cov,cov,cov,Supr,,,,SB1,,,,t,r,r,non,non,non,non,non,non,non,non,non,non,non,non,non,non,non,non,non,non,
24.5,25.2,0.7,1262.83,1262.83,Buah,DL,DL,mi,bo,Bil,Supr,,,,SB1,,,,r,r,r,non,il,si,non,non,non,non,il,non,non,non,non,non,non,non,non,non,non,
25.2,25.8,0.6,1263.43,1263.43,Buah,DL,DL,cov,cov,cov,cov,,,,SB1,,,,t,r,r,non,non,non,non,non,non,non,non,non,non,non,non,non,non,non,non,non,non,
25.8,26.2,0.4,1263.83,1263.83,Buah,DL,DL,mi,m,Tep,Supr,,,,SB1,,,,r,r,r,non,non,non,non,non,non,non,non,non,non,non,non,non,non,non,non,non,non,
26.2,27.7,1.5,1265.33,1265.33,Buah,DL,DL,vf,si,Ms,Supr,,,,SB1,,,,t,t,r,non,non,red siltstone,silt,silt,non,non,non,non,non,non,non,non,non,non,non,non,non,
27.7,28.2,0.5,1265.83,1265.83,Buah,DL,DL,vf,bo,Bil,Supr,,,,SB1,,,,r,t,r,non,il,non,non,non,non,non,il,non,non,non,non,non,non,non,non,non,non,
28.2,29,0.8,1266.63,1266.63,Buah,DL,DL,mi,si,Ms,Supr,,,,SB1,,,,t,t,r,non,non,red siltstone,silt,silt,non,non,non,non,non,non,non,non,non,non,non,non,non,
29,29.2,0.2,1266.83,1266.83,Buah,DL,DL,vf,bo,Bil,Supr,,,,SB1,,,,r,r,r,non,il,non,non,non,non,non,il,non,non,non,non,non,non,non,non,non,non,
29.2,31.3,2.1,1268.93,1268.93,Buah,DL,DL,vf,si,Ms,Supr,,,,SB1,,,,t,r,r,non,non,red siltstone,silt,silt,non,non,non,non,non,non,non,non,non,non,non,non,non,
31.3,31.4,0.1,1269.03,1269.03,Buah,DL,DL,f,g,Goo,Supr,,,,SB1,,,,r,r,r,non,non,oo,non,non,non,non,non,non,non,non,non,oo,non,non,non,non,non,
31.4,31.5,0.1,1269.13,1269.13,Buah,DL,DL,mi,bo,Bisstm,Supr,,,,SB1,,,,r,r,r,non,ecstm,ecstm,non,non,non,non,non,non,non,non,non,non,non,non,non,non,non,
31.5,32.5,1,1270.13,1270.13,Buah,DL,DL,vf,si,Ms,Supr,,,,SB1,,,,t,r,r,non,non,red siltstone,silt,silt,non,non,non,non,non,non,non,non,non,non,non,non,non,
32.5,33,0.5,1270.63,1270.63,Buah,DL,DL,f,g,Goo,Supr,,,,SB1,,,,r,r,r,non,non,oo,non,non,non,non,non,non,non,non,non,oo,non,non,non,non,non,
33,34.2,1.2,1271.83,1271.83,Buah,DL,DL,vf,si,Ms,Supr,,,,SB1,,,,t,r,r,non,non,red siltstone,silt,silt,non,non,non,non,non,non,non,non,non,non,non,non,non,
34.2,35.3,1.1,1272.93,1272.93,Buah,DL,DL,f,ss,Ss,Supr,,,,SB1,,,,r,r,r,non,non,Sandstone,non,sandstone,non,non,non,non,non,non,non,non,non,non,non,non,non,
35.3,35.8,0.5,1273.43,1273.43,Buah,DL,DL,vf,w,Ml/W,Supr,,,,SB1,,,,r,r,r,non,non,non,non,non,non,non,non,non,non,non,non,non,non,non,non,non,non,
35.8,36.6,0.8,1274.23,1274.23,Buah,DL,DL,f,g,Goo,Supr,,,,SB1,,,,r,r,r,non,non,oo,non,non,non,non,non,non,non,non,non,oo,non,non,non,non,non,
36.6,36.9,0.3,1274.53,1274.53,Buah,DL,DL,f,bo,Bmstm,Supr,,,,SB1,,,,r,r,r,non,dmstm,non,non,non,non,non,non,non,non,dmstm,non,non,non,non,non,non,non,
36.9,39,2.1,1276.63,1276.63,Buah,DL,DL,f,g,Goo,Supr,,,,SB1,,,,r,r,r,non,non,oo,non,non,non,non,non,non,non,non,non,oo,non,non,non,non,non,
39,39.4,0.4,1277.03,1277.03,Buah,DL,DL,vf,w,Ml/W,Supr,,,,SB1,,,,r,r,r,non,non,non,non,non,non,non,non,non,non,non,non,non,non,non,non,non,non,
39.4,39.6,0.2,1277.23,1277.23,Buah,DL,DL,f,g,Goo,Supr,,,,SB1,,,,r,r,r,non,non,oo,non,non,non,non,non,non,non,non,non,oo,non,non,non,non,non,
39.6,40,0.4,1277.63,1277.63,Buah,DL,DL,vf,w,Ml/W,Supr,,,,SB1,,,,r,r,r,non,non,non,non,non,non,non,non,non,non,non,non,non,non,non,non,non,non,
40,40.8,0.8,1278.43,1278.43,Buah,DL,DL,cov,cov,cov,Supr,,,,SB1,,,,r,r,r,non,non,non,non,non,non,non,non,non,non,non,non,non,non,non,non,non,non,
40.8,41.4,0.6,1279.03,1279.03,Buah,DL,DL,mi,m,Ml/W,Supr,,,,SB1,,,,r,r,r,non,non,non,non,non,non,non,non,non,non,non,non,non,non,non,non,non,non,
41.4,41.8,0.4,1279.43,1279.43,Buah,DL,DL,cov,cov,cov,Supr,,,,SB1,,,,r,r,r,non,non,non,non,non,non,non,non,non,non,non,non,non,non,non,non,non,non,
41.8,43.6,1.8,1281.23,1281.23,Buah,DL,DL,mi,m,Tfa,Supr,,,,SB1,,,,r,r,r,non,non,non,non,non,non,non,non,non,non,non,non,non,non,non,non,non,non,
43.6,45,1.4,1282.63,1282.63,Birba,DL,DL,mi,bo,Bmstm,Supr,,,,SB1,,,,t,t,t,non,dmstm,non,non,non,non,non,non,non,non,dmstm,non,non,non,non,non,non,non,
45,46.6,1.6,1284.23,1284.23,Birba,DL,DL,mi,bo,Bmstm,Supr,,,,SB1,,,,t,t,t,non,dmstm,non,non,non,non,non,non,non,non,dmstm,non,non,non,non,non,non,non,
46.6,48.4,1.8,1286.03,1286.03,Birba,DL,DL,f,p,Pis,Supr,,,,SB1,,,,r,t,t,non,non,pis,non,non,non,pis,non,non,non,non,non,non,non,non,non,non,non,
48.4,49.2,0.8,1286.83,1286.83,Birba,DL,DL,vf,bo,Bmstm,Supr,,,,SB1,,,,t,t,t,non,dmstm,non,non,non,non,non,non,non,non,non,non,non,non,non,non,non,non,
49.2,49.4,0.2,1287.03,1287.03,Birba,DL,DL,f,p,Pis,Supr,,,,SB1,,,,r,r,t,non,non,non,non,non,non,non,non,non,non,non,non,non,non,non,non,non,non,
49.4,51,1.6,1288.63,1288.63,Birba,DL,DL,vf,bo,Bil,Supr,,,,SB1,,,,t,r,t,non,il,tfted lam,non,non,non,non,il,non,non,non,non,non,non,non,non,non,non,
51,51.8,0.8,1289.43,1289.43,Birba,DL,DL,f,p,Pis,Supr,,,,SB1,,,,r,r,t,non,non,non,non,non,non,non,non,non,non,non,non,non,non,non,non,non,non,
51.8,52.4,0.6,1290.03,1290.03,Birba,DL,DL,f,bo,Bmstm,Supr,,,,SB1,,,,t,r,t,non,mstm,non,non,non,non,non,non,non,non,non,non,non,non,non,non,non,non,
52.4,53,0.6,1290.63,1290.63,Birba,DL,DL,m,p,Pis,Supr,,,,SB1,,,,r,r,t,non,non,non,non,non,non,pis,non,non,non,non,non,non,non,non,non,non,non,
53,53.8,0.8,1291.43,1291.43,Birba,DL,DL,f,g,Gmaa,Supr,,,,SB1,,,,t,t,t,non,non,non,non,non,non,non,non,non,non,non,non,non,non,non,non,non,non,
53.8,54.2,0.4,1291.83,1291.83,Birba,DL,DL,f,g,Gal,Supr,,,,SB1,,,,r,t,t,non,non,non,non,non,non,non,non,non,non,non,non,non,non,non,non,non,non,
54.2,54.8,0.6,1292.43,1292.43,Birba,DL,DL,f,g,Gt,Supr,,,,SB1,,,,r,r,t,non,non,non,non,non,non,non,non,non,non,non,non,non,non,non,non,non,non,
54.8,55,0.2,1292.63,1292.63,Birba,DL,DL,vf,bo,Bil,Supr,,,,SB1,,,,r,r,t,non,il,non,non,non,non,non,il,non,non,non,non,non,non,non,non,non,non,
55,55.2,0.2,1292.83,1292.83,Birba,DL,DL,f,p,Pis,Supr,,,,SB1,,,,r,r,t,non,non,non,non,non,non,pis,non,non,non,non,non,non,non,non,non,non,non,
55.2,56.8,1.6,1294.43,1294.43,Birba,DL,DL,f,bo,Bil,Supr,,,,SB1,,,,t,r,t,non,il,non,non,non,non,non,il,non,non,non,non,non,non,non,non,non,non,
56.8,58.6,1.8,1296.23,1296.23,Birba,DL,DL,f,bo,Bilstm,Supr,,,,SB1,,,,t,r,t,non,ilstm,non,non,non,non,non,non,ilstm,non,non,non,non,non,non,non,non,non,
58.6,63,4.4,1300.63,1300.63,Birba,DL,DL,c,p,Pis,Supr,,,,SB1,,,,r,r,r,non,non,non,non,non,non,pis,non,non,non,non,non,non,non,non,non,non,non,
63,63.6,0.6,1301.23,1301.23,Birba,DL,DL,f,bo,Bilstm,Supr,,,,SB1,,,,t,t,r,non,ilstm,non,non,non,non,non,non,ilstm,non,non,non,non,non,non,non,non,non,
63.6,64,0.4,1301.63,1301.63,Birba,DL,DL,m,p,Pis,Supr,,,,SB1,,,,r,r,r,non,non,non,non,non,non,pis,non,non,non,non,non,non,non,non,non,non,non,
64,64.4,0.4,1302.03,1302.03,Birba,DL,DL,f,bo,Bilstm,Supr,,,,SB1,,,,t,r,r,non,ilstm,non,non,non,non,non,non,ilstm,non,non,non,non,non,non,non,non,non,
64.4,64.8,0.4,1302.43,1302.43,Birba,DL,DL,m,p,Pis,Supr,,,,SB1,,,,r,r,r,non,non,non,non,non,non,pis,non,non,non,non,non,non,non,non,non,non,non,
64.8,65,0.2,1302.63,1302.63,Birba,DL,DL,vf,bo,Bil,Supr,,,,SB1,,,,t,r,r,non,il,non,non,non,non,non,il,non,non,non,non,non,non,non,non,non,non,
65,65.7,0.7,1303.33,1303.33,Birba,DL,DL,m,p,Pis,Supr,,,,SB1,,,,r,r,r,non,non,non,non,non,non,pis,non,non,non,non,non,non,non,non,non,non,non,
65.7,66,0.3,1303.63,1303.63,Birba,DL,DL,vf,bo,Bil,Supr,,,,SB1,,,,t,r,r,non,il,non,non,non,non,non,il,non,non,non,non,non,non,non,non,non,non,
66,66.8,0.8,1304.43,1304.43,Birba,DL,DL,m,p,Pis,Supr,,,,SB1,,,,r,r,r,non,non,non,non,non,non,pis,non,non,non,non,non,non,non,non,non,non,non,
66.8,67.8,1,1305.43,1305.43,Birba,DL,DL,vf,bo,Bil,Supr,,,,SB1,,,,t,r,r,non,il,non,non,non,non,non,il,non,non,non,non,non,non,non,non,non,non,
67.8,68.4,0.6,1306.03,1306.03,Birba,DL,DL,vf,bo,Bilstm,Supr,,,,SB1,,,,r,r,r,non,ilstm,non,non,non,non,non,non,ilstm,non,non,non,non,non,non,non,non,non,
68.4,69,0.6,1306.63,1306.63,Birba,DL,DL,m,p,Pis,Supr,,,,SB1,,,,r,r,r,non,non,non,non,non,non,pis,non,non,non,non,non,non,non,non,non,non,non,
69,69.6,0.6,1307.23,1307.23,Birba,DL,DL,vf,bo,Bil,Supr,,,,SB1,,,,t,r,r,non,il,non,non,non,non,non,il,non,non,non,non,non,non,non,non,non,non,
69.6,70,0.4,1307.63,1307.63,Birba,DL,DL,vf,bo,Bilstm,Supr,,,,SB1,,,,r,r,r,non,ilstm,non,non,non,non,non,non,ilstm,non,non,non,non,non,non,non,non,non,
70,72,2,1309.63,1309.63,Birba,DL,DL,m,p,Pis,Supr,,,,SB1,,,,r,r,r,non,non,non,non,non,non,pis,non,non,non,non,non,non,non,non,non,non,non,
72,72.1,0.1,1309.73,1309.73,Birba,DL,DL,vf,bo,Bil,Supr,,,,SB1,,,,t,r,r,non,il,non,non,non,non,non,il,non,non,non,non,non,non,non,non,non,non,
72.1,74,1.9,1311.63,1311.63,Birba,DL,DL,m,p,Pis,Supr,,,,SB1,,,,r,r,r,non,non,non,non,non,non,pis,non,non,non,non,non,non,non,non,non,non,non,
74,74.4,0.4,1312.03,1312.03,Birba,DL,DL,vf,bo,Bilstm,Supr,,,,SB1,,,,t,r,r,non,ilstm,non,non,non,non,non,non,ilstm,non,non,non,non,non,non,non,non,non,
74.4,74.9,0.5,1312.53,1312.53,Birba,DL,DL,m,p,Pis,Supr,,,,SB1,,,,r,r,r,non,non,non,non,non,non,pis,non,non,non,non,non,non,non,non,non,non,non,
74.9,75,0.1,1312.63,1312.63,Birba,DL,DL,vf,bo,Bil,Supr,,,,SB1,,,,t,r,r,non,il,non,non,non,non,non,il,non,non,non,non,non,non,non,non,non,non,
75,75.8,0.8,1313.43,1313.43,Birba,DL,DL,m,p,Pis,Supr,,,,SB1,,,,r,r,r,non,non,non,non,non,non,pis,non,non,non,non,non,non,non,non,non,non,non,
75.8,77,1.2,1314.63,1314.63,Birba,DL,DL,vf,bo,Bilstm,Supr,,,,SB1,,,,t,t,r,non,ilstm,non,non,non,non,non,non,ilstm,non,non,non,non,non,non,non,non,non,
77,78,1,1315.63,1315.63,Birba,DL,DL,vf,bo,Bil,Supr,,,,SB1,,,,r,t,r,non,il,non,non,non,non,non,il,non,non,non,non,non,non,non,non,non,non,
78,78.2,0.2,1315.83,1315.83,Birba,DL,DL,m,p,Pis,Supr,,,,SB1,,,,r,r,r,non,non,non,non,non,non,non,non,non,non,non,non,non,non,non,non,non,non,
78.2,79,0.8,1316.63,1316.63,Birba,DL,DL,vf,bo,Bmstm,Supr,,,,SB1,,,,t,r,r,non,dmstm,non,non,non,non,non,non,non,non,dmstm,non,non,non,non,non,non,non,
79,79.4,0.4,1317.03,1317.03,Birba,DL,DL,vf,bo,Bilstm,Supr,,,,SB1,,,,r,r,r,non,ilstm,non,non,non,non,non,non,ilstm,non,non,non,non,non,non,non,non,non,
79.4,79.8,0.4,1317.43,1317.43,Birba,DL,DL,vf,w,Tep,Supr,,,,SB1,,,,r,r,r,non,non,Tep,non,non,Tep,non,non,non,non,non,non,non,non,non,non,non,non,
79.8,80,0.2,1317.63,1317.63,Birba,DL,DL,m,p,Pis,Supr,,,,SB1,,,,r,r,r,non,non,non,non,non,non,pis,non,non,non,non,non,non,non,non,non,non,non,
80,80.5,0.5,1318.13,1318.13,Birba,DL,DL,vf,bo,Bilstm,Supr,,,,SB1,,,,t,r,r,non,ilstm,non,non,non,non,non,non,ilstm,non,non,non,non,non,non,non,non,non,
80.5,81.2,0.7,1318.83,1318.83,Birba,DL,DL,vf,bo,Bil,Supr,,,,SB1,,,,r,r,r,non,il,non,non,non,non,non,il,non,non,non,non,non,non,non,non,non,non,
81.2,82.6,1.4,1320.23,1320.23,Birba,DL,DL,m,p,Pis,Supr,,,,SB1,,,,r,r,r,non,non,non,non,non,non,pis,non,non,non,non,non,non,non,non,non,non,non,
82.6,83,0.4,1320.63,1320.63,Birba,DL,DL,vf,bo,Bil,Supr,,,,SB1,,,,t,r,r,non,il,non,non,non,non,non,il,non,non,non,non,non,non,non,non,non,non,
83,86.8,3.8,1324.43,1324.43,Birba,DL,DL,m,p,Pis,Supr,,,,SB1,,,,r,r,r,non,non,non,non,non,non,pis,non,non,non,non,non,non,non,non,non,non,non,
86.8,87.2,0.4,1324.83,1324.83,Birba,DL,DL,m,p,Pis,Supr,,,,SB1,,,,r,r,r,non,non,non,non,non,non,pis,non,non,non,non,non,non,non,non,non,non,non,
87.2,90.2,3,1327.83,1327.83,Birba,DL,DL,m,p,Pis,Supr,,,,SB1,,,,r,r,r,non,non,non,non,non,non,pis,non,non,non,non,non,non,non,non,non,non,non,
90.2,91,0.8,1328.63,1328.63,Birba,DL,DL,m,p,Tep,Supr,,,,SB1,,,,r,r,r,non,non,Tep,non,non,Tep,non,non,non,non,non,non,non,non,non,non,non,non,
91,91.8,0.8,1329.43,1329.43,Birba,DL,DL,cov,cov,cov,Supr,,,,SB1,,,,t,r,r,non,non,non,non,non,non,non,non,non,non,non,non,non,non,non,non,non,non,
91.8,93,1.2,1330.63,1330.63,Birba,DL,DL,m,p,Tep,Supr,,,,SB1,,,,r,r,r,non,non,Tep,non,non,Tep,non,non,non,non,non,non,non,non,non,non,non,non,
93,94.5,1.5,1332.13,1332.13,Birba,DL,DL,m,p,Tep,Supr,,,,SB1,,,,r,r,r,non,non,Tep,non,non,Tep,non,non,non,non,non,non,non,non,non,non,non,non,
94.5,95,0.5,1332.63,1332.63,Birba,DL,DL,m,p,Pis,Supr,,,,SB1,,,,r,r,r,non,non,non,non,non,non,pis,non,non,non,non,non,non,non,non,non,non,non,
95,96,1,1333.63,1333.63,Birba,DL,DL,m,p,Tep,Supr,,,,SB1,,,,r,r,r,non,non,Tep,non,non,Tep,non,non,non,non,non,non,non,non,non,non,non,non,
96,96.5,0.5,1334.13,1334.13,Birba,DL,DL,m,p,Pis,Supr,,,,SB1,,,,r,r,r,non,non,non,non,non,non,pis,non,non,non,non,non,non,non,non,non,non,non,
96.5,97,0.5,1334.63,1334.63,Birba,DL,DL,m,p,Pis,Supr,,,,SB1,,,,r,r,r,non,non,non,non,non,non,pis,non,non,non,non,non,non,non,non,non,non,non,
97,99.5,2.5,1337.13,1337.13,Birba,DL,DL,c,p,Tep,Supr,,,,SB1,,,,r,r,r,non,non,Tep,non,non,Tep,non,non,non,non,non,non,non,non,non,non,non,non,
99.5,100,0.5,1337.63,1337.63,Birba,DL,DL,cov,cov,cov,Supr,,,,SB1,,,,t,r,r,non,non,non,non,non,non,non,non,non,non,non,non,non,non,non,non,non,non,
100,107,7,1344.63,1344.63,Birba,DL,DL,m,p,Tep,Supr,,,,SB1,,,,r,r,r,non,non,Tep,non,non,Tep,non,non,non,non,non,non,non,non,non,non,non,non,
107,107.8,0.8,1345.43,1345.43,Birba,DL,DL,cov,cov,cov,Supr,,,,SB1,,,,t,r,r,non,non,non,non,non,non,non,non,non,non,non,non,non,non,non,non,non,non,
107.8,108.2,0.4,1345.83,1345.83,Birba,DL,DL,m,p,Pis,Supr,,,,SB1,,,,r,r,r,non,non,non,non,non,non,pis,non,non,non,non,non,non,non,non,non,non,non,
108.2,108.8,0.6,1346.43,1346.43,Birba,DL,DL,c,r,Pis,Supr,,,,SB1,,,,r,r,r,non,non,non,non,non,non,pis,non,non,non,non,non,non,non,non,non,non,non,
108.8,110,1.2,1347.63,1347.63,Birba,DL,DL,m,p,Tep,Supr,,,,SB1,,,,r,r,r,non,non,Tep,non,non,Tep,non,non,non,non,non,non,non,non,non,non,non,non,
110,110.8,0.8,1348.43,1348.43,Birba,DL,DL,m,p,Pis,Supr,,,,SB1,,,,r,r,r,non,non,non,non,non,non,pis,non,non,non,non,non,non,non,non,non,non,non,
110.8,111.2,0.4,1348.83,1348.83,Birba,DL,DL,vf,bo,Bil,Supr,,,,SB1,,,,t,r,r,non,il,non,non,non,non,non,il,non,non,non,non,non,non,non,non,non,non,
111.2,112.2,1,1349.83,1349.83,Birba,DL,DL,m,p,Pis,Supr,,,,SB1,,,,r,r,r,non,il,non,non,non,non,non,il,non,non,non,non,non,non,non,non,non,non,
112.2,113,0.8,1350.63,1350.63,Birba,DL,DL,vf,bo,Bil,Supr,,,,SB1,,,,t,t,t,non,il,non,non,non,non,non,il,non,non,non,non,non,non,non,non,non,non,
113,114.2,1.2,1351.83,1351.83,Birba,DL,DL,m,p,Pis,Supr,,,,SB1,,,,r,r,t,non,non,non,non,non,non,pis,non,non,non,non,non,non,non,non,non,non,non,
114.2,114.4,0.2,1352.03,1352.03,Birba,DL,DL,vf,bo,Bil,Supr,,,,SB1,,,,t,r,t,non,il,non,non,non,non,non,il,non,non,non,non,non,non,non,non,non,non,
114.4,114.6,0.2,1352.23,1352.23,Birba,DL,DL,m,p,Pis,Supr,,,,SB1,,,,r,r,t,non,non,non,non,non,non,pis,non,non,non,non,non,non,non,non,non,non,non,
114.6,115.4,0.8,1353.03,1353.03,Birba,DL,DL,vf,bo,Bilstm,Supr,,,,SB1,,,,t,r,t,non,ilstm,non,non,non,non,non,non,ilstm,non,non,non,non,non,non,non,non,non,
115.4,115.8,0.4,1353.43,1353.43,Birba,DL,DL,m,p,Pis,Supr,,,,SB1,,,,r,r,t,non,non,non,non,non,non,pis,non,non,non,non,non,non,non,non,non,non,non,
115.8,116.2,0.4,1353.83,1353.83,Birba,DL,DL,vf,bo,Bilstm,Supr,,,,SB1,,,,t,r,t,non,ilstm,non,non,non,non,non,non,ilstm,non,non,non,non,non,non,non,non,non,
116.2,116.4,0.2,1354.03,1354.03,Birba,DL,DL,m,p,Pis,Supr,,,,SB1,,,,r,r,t,non,non,non,non,non,non,pis,non,non,non,non,non,non,non,non,non,non,non,
116.4,117.2,0.8,1354.83,1354.83,Birba,DL,DL,vf,bo,Bilstm,Supr,,,,SB1,,,,t,r,t,non,ilstm,non,non,non,non,non,non,ilstm,non,non,non,non,non,non,non,non,non,
117.2,118,0.8,1355.63,1355.63,Birba,DL,DL,m,p,Pis,Supr,,,,SB1,,,,r,r,t,non,non,non,non,non,non,pis,non,non,non,non,non,non,non,non,non,non,non,
118,118.8,0.8,1356.43,1356.43,Birba,DL,DL,vf,bo,Bil,Supr,,,,SB1,,,,t,r,t,non,il,non,non,non,non,non,il,non,non,non,non,non,non,non,non,non,non,
118.8,119,0.2,1356.63,1356.63,Birba,DL,DL,m,p,Pis,Supr,,,,SB1,,,,r,r,t,non,non,non,non,non,non,pis,non,non,non,non,non,non,non,non,non,non,non,
119,120,1,1357.63,1357.63,Birba,DL,DL,vf,bo,Bil,Supr,,,,SB1,,,,t,r,t,non,il,non,non,non,non,non,il,non,non,non,non,non,non,non,non,non,non,
120,121,1,1358.63,1358.63,Birba,DL,DL,vf,bo,Bilstm,Supr,,,,SB1,,,,r,r,t,non,ilstm,non,non,non,non,non,non,ilstm,non,non,non,non,non,non,non,non,non,
121,121.6,0.6,1359.23,1359.23,Birba,DL,DL,m,p,Pis,Supr,,,,SB1,,,,r,r,t,non,non,non,non,non,non,pis,non,non,non,non,non,non,non,non,non,non,non,
121.6,122.4,0.8,1360.03,1360.03,Birba,DL,DL,vf,bo,Bilstm,Supr,,,,SB1,,,,t,r,t,non,ilstm,non,non,non,non,non,non,ilstm,non,non,non,non,non,non,non,non,non,
122.4,123,0.6,1360.63,1360.63,Birba,DL,DL,m,p,Pis,Supr,,,,SB1,,,,r,r,t,non,non,non,non,non,non,pis,non,non,non,non,non,non,non,non,non,non,non,
123,123.2,0.2,1360.83,1360.83,Birba,DL,DL,vf,bo,Bil,Supr,,,,SB1,,,,t,r,t,non,il,non,non,non,non,non,il,non,non,non,non,non,non,non,non,non,non,
123.2,123.8,0.6,1361.43,1361.43,Birba,DL,DL,m,p,Pis,Supr,,,,SB1,,,,r,r,t,non,non,non,non,non,non,pis,non,non,non,non,non,non,non,non,non,non,non,
123.8,124.1,0.3,1361.73,1361.73,Birba,DL,DL,vf,bo,Bilstm,Supr,,,,SB1,,,,t,r,t,non,ilstm,non,non,non,non,non,non,ilstm,non,non,non,non,non,non,non,non,non,
124.1,124.8,0.7,1362.43,1362.43,Birba,DL,DL,m,p,Pis,Supr,,,,SB1,,,,r,r,t,non,non,non,non,non,non,pis,non,non,non,non,non,non,non,non,non,non,non,
124.8,125.2,0.4,1362.83,1362.83,Birba,DL,DL,vf,bo,Bil,Supr,,,,SB1,,,,t,r,t,non,il,non,non,non,non,non,il,non,non,non,non,non,non,non,non,non,non,
125.2,125.4,0.2,1363.03,1363.03,Birba,DL,DL,m,p,Tep,Supr,,,,SB1,,,,r,r,t,non,non,Tep,non,non,Tep,non,non,non,non,non,non,non,non,non,non,non,non,
125.4,126.4,1,1364.03,1364.03,Birba,DL,DL,vf,bo,Bil,Supr,,,,SB1,,,,t,r,t,non,il,non,non,non,non,non,il,non,non,non,non,non,non,non,non,non,non,
126.4,126.6,0.2,1364.23,1364.23,Birba,DL,DL,m,p,Pis,Supr,,,,SB1,,,,r,r,t,non,non,non,non,non,non,pis,non,non,non,non,non,non,non,non,non,non,non,
126.6,127.2,0.6,1364.83,1364.83,Birba,DL,DL,vf,bo,Bil,Supr,,,,SB1,,,,t,r,t,non,il,non,non,non,non,non,il,non,non,non,non,non,non,non,non,non,non,
127.2,127.4,0.2,1365.03,1365.03,Birba,DL,DL,m,p,Pis,Supr,,,,SB1,,,,r,r,t,non,non,non,non,non,non,pis,non,non,non,non,non,non,non,non,non,non,non,
127.4,128,0.6,1365.63,1365.63,Birba,DL,DL,vf,bo,Bil,Supr,,,,SB1,,,,t,r,t,non,il,non,non,non,non,non,il,non,non,non,non,non,non,non,non,non,non,
128,128.3,0.3,1365.93,1365.93,Birba,DL,DL,m,p,Pis,Supr,,,,SB1,,,,r,r,t,non,non,non,non,non,non,pis,non,non,non,non,non,non,non,non,non,non,non,
128.3,130,1.7,1367.63,1367.63,Birba,DL,DL,vf,bo,Bilstm,Supr,,,,SB1,,,,t,t,t,non,ilstm,non,non,non,non,non,non,ilstm,non,non,non,non,non,non,non,non,non,
130,130.5,0.5,1368.13,1368.13,Birba,DL,DL,m,p,Pis,Supr,,,,SB1,,,,r,r,t,non,non,non,non,non,non,pis,non,non,non,non,non,non,non,non,non,non,non,
130.5,131.4,0.9,1369.03,1369.03,Birba,DL,DL,vf,bo,Bil,Supr,,,,SB1,,,,t,r,t,non,il,non,non,non,non,non,il,non,non,non,non,non,non,non,non,non,non,
131.4,132,0.6,1369.63,1369.63,Birba,DL,DL,m,p,Pis,Supr,,,,SB1,,,,r,r,t,non,non,non,non,non,non,pis,non,non,non,non,non,non,non,non,non,non,non,
132,133,1,1370.63,1370.63,Birba,DL,DL,vf,bo,Bil,Supr,,,,SB1,,,,t,r,t,non,il,non,non,non,non,non,il,non,non,non,non,non,non,non,non,non,non,
133,133.8,0.8,1371.43,1371.43,Birba,DL,DL,m,p,Pis,Supr,,,,SB1,,,,r,r,t,non,non,non,non,non,non,pis,non,non,non,non,non,non,non,non,non,non,non,
133.8,134.1,0.3,1371.73,1371.73,Birba,DL,DL,vf,bo,BMsstm,Supr,,,,SB1,,,,t,r,t,non,Msstm,non,non,non,non,non,non,non,non,non,Msstm,non,non,non,non,non,non,
134.1,134.4,0.3,1372.03,1372.03,Birba,DL,DL,m,p,Pis,Supr,,,,SB1,,,,r,r,t,non,non,non,non,non,non,pis,non,non,non,non,non,non,non,non,non,non,non,
134.4,134.8,0.4,1372.43,1372.43,Birba,DL,DL,vf,bo,BMsstm,Supr,,,,SB1,,,,t,r,t,non,Msstm,non,non,non,non,non,non,non,non,non,Msstm,non,non,non,non,non,non,
134.8,135.2,0.4,1372.83,1372.83,Birba,DL,DL,m,p,Pis,Supr,,,,SB1,,,,r,r,t,non,non,non,non,non,non,pis,non,non,non,non,non,non,non,non,non,non,non,
135.2,136.3,1.1,1373.93,1373.93,Birba,DL,DL,vf,bo,Bilstm,Supr,,,,SB1,,,,t,r,t,non,ilstm,non,non,non,non,non,non,ilstm,non,non,non,non,non,non,non,non,non,
136.3,136.5,0.2,1374.13,1374.13,Birba,DL,DL,vf,bo,BMsstm,Supr,,,,SB1,,,,r,r,t,non,Msstm,non,non,non,non,non,non,non,non,non,Msstm,non,non,non,non,non,non,
136.5,137,0.5,1374.63,1374.63,Birba,DL,DL,m,p,Tep,Supr,,,,SB1,,,,r,r,t,non,non,Tep,non,non,Tep,non,non,non,non,non,non,non,non,non,non,non,non,
137,137.7,0.7,1375.33,1375.33,Birba,DL,DL,vf,bo,Bilstm,Supr,,,,SB1,,,,t,r,t,non,ilstm,non,non,non,non,non,non,ilstm,non,non,non,non,non,non,non,non,non,
137.7,138.2,0.5,1375.83,1375.83,Birba,DL,DL,m,p,Pis,Supr,,,,SB1,,,,r,r,t,non,non,non,non,non,non,pis,non,non,non,non,non,non,non,non,non,non,non,
138.2,138.8,0.6,1376.43,1376.43,Birba,DL,DL,vf,bo,Bil,Supr,,,,SB1,,,,t,r,t,non,il,non,non,non,non,non,il,non,non,non,non,non,non,non,non,non,non,
138.8,139.6,0.8,1377.23,1377.23,Birba,DL,DL,m,p,Pis,Supr,,,,SB1,,,,r,r,t,non,non,non,non,non,non,pis,non,non,non,non,non,non,non,non,non,non,non,
139.6,140.8,1.2,1378.43,1378.43,Birba,DL,DL,vf,bo,Bilstm,Supr,,,,SB1,,,,t,r,t,non,ilstm,non,non,non,non,non,non,ilstm,non,non,non,non,non,non,non,non,non,
140.8,142,1.2,1379.63,1379.63,Birba,DL,DL,m,p,Pis,Supr,,,,SB1,,,,r,r,t,non,non,non,non,non,non,pis,non,non,non,non,non,non,non,non,non,non,non,
142,143.5,1.5,1381.13,1381.13,Birba,DL,DL,vf,bo,Tep,Supr,,,,SB1,,,,r,r,t,non,non,Tep,non,non,Tep,non,non,non,non,non,non,non,non,non,non,non,non,
143.5,144.5,1,1382.13,1382.13,Birba,DL,DL,m,p,Pis,Supr,,,,SB1,,,,r,r,t,non,non,non,non,non,non,pis,non,non,non,non,non,non,non,non,non,non,non,
144.5,145.8,1.3,1383.43,1383.43,Birba,DL,DL,m,p,Tep,Supr,,,,SB1,,,,r,r,t,non,non,Tep,non,non,Tep,non,non,non,non,non,non,non,non,non,non,non,non,
145.8,146.5,0.7,1384.13,1384.13,Birba,DL,DL,vf,bo,Bmstm,Supr,,,,SB1,,,,t,t,t,non,mstm,non,non,non,non,non,non,non,non,mstm,non,non,non,non,non,non,non,
146.5,146.6,0.1,1384.23,1384.23,Birba,DL,DL,m,p,Pis,Supr,,,,SB1,,,,r,r,r,non,non,non,non,non,non,pis,non,non,non,non,non,non,non,non,non,non,non,
146.6,147.5,0.9,1385.13,1385.13,Birba,DL,DL,vf,bo,Tep,Supr,,,,SB1,,,,r,r,r,non,non,Tep,non,non,Tep,non,non,non,non,non,non,non,non,non,non,non,non,
147.5,148.5,1,1386.13,1386.13,Birba,DL,DL,m,p,Pis,Supr,,,,SB1,,,,r,r,r,non,non,non,non,non,non,pis,non,non,non,non,non,non,non,non,non,non,non,
148.5,149,0.5,1386.63,1386.63,Birba,DL,DL,vf,bo,Tep,Supr,,,,SB1,,,,r,r,r,non,non,Tep,non,non,Tep,non,non,non,non,non,non,non,non,non,non,non,non,
149,149.2,0.2,1386.83,1386.83,Birba,DL,DL,m,p,Pis,Supr,,,,SB1,,,,r,r,r,non,non,non,non,non,non,pis,non,non,non,non,non,non,non,non,non,non,non,
149.2,149.5,0.3,1387.13,1387.13,Birba,DL,DL,vf,bo,Bil,Supr,,,,SB1,,,,t,r,r,non,il,non,non,non,non,non,il,non,non,non,non,non,non,non,non,non,non,
149.5,149.7,0.2,1387.33,1387.33,Birba,DL,DL,m,p,Tep,Supr,,,,SB1,,,,r,r,r,non,non,Tep,non,non,Tep,non,non,non,non,non,non,non,non,non,non,non,non,
149.7,150,0.3,1387.63,1387.63,Birba,DL,DL,m,p,Pis,Supr,,,,SB1,,,,r,r,r,non,non,non,non,non,non,pis,non,non,non,non,non,non,non,non,non,non,non,
150,152.2,2.2,1389.83,1389.83,Birba,DL,DL,vf,bo,Tep,Supr,,,,SB1,,,,r,r,r,non,non,Tep,non,non,Tep,non,non,non,non,non,non,non,non,non,non,non,non,
152.2,153,0.8,1390.63,1390.63,Birba,DL,DL,m,p,Pis,Supr,,,,SB1,,,,r,r,r,non,non,non,non,non,non,pis,non,non,non,non,non,non,non,non,non,non,non,
153,154,1,1391.63,1391.63,Birba,DL,DL,vf,bo,Bil,Supr,,,,SB1,,,,t,r,r,non,il,non,non,non,non,non,il,non,non,non,non,non,non,non,non,non,non,
154,154.8,0.8,1392.43,1392.43,Birba,DL,DL,m,p,Pis,Supr,,,,SB1,,,,r,r,r,non,non,non,non,non,non,pis,non,non,non,non,non,non,non,non,non,non,non,
154.8,155.2,0.4,1392.83,1392.83,Birba,DL,DL,vf,bo,Tep,Supr,,,,SB1,,,,r,r,r,non,non,Tep,non,non,Tep,non,non,non,non,non,non,non,non,non,non,non,non,
155.2,155.8,0.6,1393.43,1393.43,Birba,DL,DL,vf,w,Wic,Supr,,,,SB1,,,,r,r,r,non,non,non,non,non,non,non,non,non,non,non,non,non,non,non,non,non,non,
155.8,156.2,0.4,1393.83,1393.83,Birba,DL,DL,vf,bo,Bilstm,Supr,,,,SB1,,,,t,r,r,non,ilstm,non,non,non,non,non,non,ilstm,non,non,non,non,non,non,non,non,non,
156.2,156.6,0.4,1394.23,1394.23,Birba,DL,DL,m,p,Pis,Supr,,,,SB1,,,,r,r,r,non,non,non,non,non,non,pis,non,non,non,non,non,non,non,non,non,non,non,
156.6,157,0.4,1394.63,1394.63,Birba,DL,DL,m,p,Tep,Supr,,,,SB1,,,,r,r,r,non,non,Tep,non,non,Tep,non,non,non,non,non,non,non,non,non,non,non,non,
157,157.2,0.2,1394.83,1394.83,Birba,DL,DL,vf,m,Mfal,Supr,,,,SB1,,,,t,r,r,non,non,non,non,non,non,non,non,non,non,non,non,non,non,non,non,non,non,
157.2,158,0.8,1395.63,1395.63,Birba,DL,DL,m,p,Tep,Supr,,,,SB1,,,,r,r,r,non,non,Tep,non,non,Tep,non,non,non,non,non,non,non,non,non,non,non,non,
158,159.2,1.2,1396.83,1396.83,Birba,DL,DL,f,p,Pis,Supr,,,,SB1,,,,r,r,r,non,non,non,non,non,non,pis,non,non,non,non,non,non,non,non,non,non,non,
160.4,160.3,-0.1,1397.93,1397.93,Birba,DL,DL,m,p,Tep,Supr,,,,SB1,,,,r,r,r,non,non,Tep,non,non,Tep,non,non,non,non,non,non,non,non,non,non,non,non,
159.2,160.4,1.2,1398.03,1398.03,Birba,DL,DL,vf,bo,Bil,Supr,,,,SB1,,,,t,r,r,non,il,non,non,non,non,non,il,non,non,non,non,non,non,non,non,non,non,
160.3,161.8,1.5,1399.43,1399.43,Birba,DL,DL,m,p,Pis,Supr,,,,SB1,,,,r,r,r,non,non,non,non,non,non,pis,non,non,non,non,non,non,non,non,non,non,non,
161.8,162.6,0.8,1400.23,1400.23,Birba,DL,DL,m,p,Pis,Supr,,,,SB1,,,,r,r,r,non,non,non,non,non,non,pis,non,non,non,non,non,non,non,non,non,non,non,
162.6,163,0.4,1400.63,1400.63,Birba,DL,DL,vf,bo,Bil,Supr,,,,SB1,,,,t,r,r,non,il,non,non,non,non,non,il,non,non,non,non,non,non,non,non,non,non,
163,166,3,1403.63,1403.63,Birba,DL,DL,cov,cov,cov,Supr,,,,SB1,,,,r,r,r,non,non,non,non,non,non,non,non,non,non,non,non,non,non,non,non,non,non,
166,166.4,0.4,1404.03,1404.03,Birba,DL,DL,m,p,Tep,Supr,,,,SB1,,,,r,r,r,non,non,Tep,non,non,Tep,non,non,non,non,non,non,non,non,non,non,non,non,
166.4,169,2.6,1406.63,1406.63,Birba,DL,DL,m,p,Pis,Supr,,,,SB1,,,,r,r,r,non,non,non,non,non,non,pis,non,non,non,non,non,non,non,non,non,non,non,
169,170,1,1407.63,1407.63,Birba,DL,DL,m,p,Tep,Supr,,,,SB1,,,,r,r,r,non,non,Tep,non,non,Tep,non,non,non,non,non,non,non,non,non,non,non,non,
170,171,1,1408.63,1408.63,Birba,DL,DL,m,p,Pis,Supr,,,,SB1,,,,r,r,r,non,non,non,non,non,non,pis,non,non,non,non,non,non,non,non,non,non,non,
171,172,1,1409.63,1409.63,Birba,DL,DL,m,p,Tep,Supr,,,,SB1,,,,r,r,r,non,non,Tep,non,non,Tep,non,non,non,non,non,non,non,non,non,non,non,non,
172,173.2,1.2,1410.83,1410.83,Birba,DL,DL,m,p,Pis,Supr,,,,SB1,,,,r,r,r,non,non,non,non,non,non,pis,non,non,non,non,non,non,non,non,non,non,non,
173.2,174.6,1.4,1412.23,1412.23,Birba,DL,DL,m,p,Tep,Supr,,,,SB1,,,,r,r,r,non,non,Tep,non,non,Tep,non,non,non,non,non,non,non,non,non,non,non,non,
174.6,177,2.4,1414.63,1414.63,Birba,DL,DL,m,p,Pis,Supr,,,,SB1,,,,r,r,r,non,non,non,non,non,non,pis,non,non,non,non,non,non,non,non,non,non,non,
177,178,1,1415.63,1415.63,Birba,DL,DL,m,p,Tep,Supr,,,,SB1,,,,r,r,r,non,non,Tep,non,non,Tep,non,non,non,non,non,non,non,non,non,non,non,non,
178,182,4,1419.63,1419.63,Birba,DL,DL,m,p,Pis,Supr,,,,SB1,,,,r,r,r,non,non,non,non,non,non,pis,non,non,non,non,non,non,non,non,non,non,non,
182,182.5,0.5,1420.13,1420.13,Birba,DL,DL,m,p,Tep,Supr,,,,SB1,,,,r,r,r,non,non,Tep,non,non,Tep,non,non,non,non,non,non,non,non,non,non,non,non,
182.5,183.5,1,1421.13,1421.13,Birba,DL,DL,m,p,Pis,Supr,,,,SB1,,,,r,r,r,non,non,non,non,non,non,pis,non,non,non,non,non,non,non,non,non,non,non,
183.5,184.2,0.7,1421.83,1421.83,Birba,DL,DL,m,p,Tep,Supr,,,,SB1,,,,r,r,r,non,non,Tep,non,non,Tep,non,non,non,non,non,non,non,non,non,non,non,non,
184.2,185,0.8,1422.63,1422.63,Birba,DL,DL,m,p,Pis,Supr,,,,SB1,,,,r,r,r,non,non,non,non,non,non,pis,non,non,non,non,non,non,non,non,non,non,non,
185,185.3,0.3,1422.93,1422.93,Birba,DL,DL,m,p,Tep,Supr,,,,SB1,,,,r,r,r,non,non,Tep,non,non,Tep,non,non,non,non,non,non,non,non,non,non,non,non,
185.3,186.4,1.1,1424.03,1424.03,Birba,DL,DL,m,p,Pis,Supr,,,,SB1,,,,r,r,r,non,non,non,non,non,non,pis,non,non,non,non,non,non,non,non,non,non,non,
186.4,186.7,0.3,1424.33,1424.33,Birba,DL,DL,m,p,Tep,Supr,,,,SB1,,,,r,r,r,non,non,Tep,non,non,Tep,non,non,non,non,non,non,non,non,non,non,non,non,
186.7,187.3,0.6,1424.93,1424.93,Birba,DL,DL,m,p,Pis,Supr,,,,SB1,,,,r,r,r,non,non,non,non,non,non,pis,non,non,non,non,non,non,non,non,non,non,non,
187.3,187.7,0.4,1425.33,1425.33,Birba,DL,DL,vf,bo,Bil,Supr,,,,SB1,,,,t,t,t,non,il,non,non,non,non,non,il,non,non,non,non,non,non,non,non,non,non,
187.7,188.2,0.5,1425.83,1425.83,Birba,DL,DL,m,p,Pis,Supr,,,,SB1,,,,r,r,t,non,non,non,non,non,non,pis,non,non,non,non,non,non,non,non,non,non,non,
188.2,189,0.8,1426.63,1426.63,Birba,DL,DL,vf,bo,Bil,Supr,,,,SB1,,,,t,r,t,non,il,non,non,non,non,non,il,non,non,non,non,non,non,non,non,non,non,
189,189.5,0.5,1427.13,1427.13,Birba,DL,DL,m,p,Pis,Supr,,,,SB1,,,,r,r,t,non,non,non,non,non,non,pis,non,non,non,non,non,non,non,non,non,non,non,
189.5,190,0.5,1427.63,1427.63,Birba,DL,DL,vf,bo,Bil,Supr,,,,SB1,,,,t,r,t,non,il,non,non,non,non,non,il,non,non,non,non,non,non,non,non,non,non,
190,190.2,0.2,1427.83,1427.83,Birba,DL,DL,vf,w,Wic,Supr,,,,SB1,,,,r,r,t,non,non,non,non,non,non,non,non,non,non,non,non,non,non,non,non,non,non,
190.2,194,3.8,1431.63,1431.63,Birba,DL,DL,vf,bo,Bil,Supr,,,,SB1,,,,t,r,t,non,il,non,non,non,non,non,il,non,non,non,non,non,non,non,non,non,non,
194,194.4,0.4,1432.03,1432.03,Birba,DL,DL,m,p,Pis,Supr,,,,SB1,,,,r,r,t,non,non,non,non,non,non,pis,non,non,non,non,non,non,non,non,non,non,non,
194.4,195,0.6,1432.63,1432.63,Birba,DL,DL,vf,bo,Bil,Supr,,,,SB1,,,,t,r,t,non,il,non,non,non,non,non,il,non,non,non,non,non,non,non,non,non,non,
195,195.3,0.3,1432.93,1432.93,Birba,DL,DL,m,p,Pis,Supr,,,,SB1,,,,r,r,t,non,non,non,non,non,non,pis,non,non,non,non,non,non,non,non,non,non,non,
195.3,195.6,0.3,1433.23,1433.23,Birba,DL,DL,vf,bo,Bil,Supr,,,,SB1,,,,t,r,t,non,il,non,non,non,non,non,il,non,non,non,non,non,non,non,non,non,non,
195.6,196.5,0.9,1434.13,1434.13,Birba,DL,DL,m,p,Pis,Supr,,,,SB1,,,,r,r,t,non,non,non,non,non,non,pis,non,non,non,non,non,non,non,non,non,non,non,
196.5,197,0.5,1434.63,1434.63,Birba,DL,DL,vf,bo,Bil,Supr,,,,SB1,,,,t,r,t,non,il,non,non,non,non,non,il,non,non,non,non,non,non,non,non,non,non,
197,197.5,0.5,1435.13,1435.13,Birba,DL,DL,m,p,Pis,Supr,,,,SB1,,,,r,r,t,non,non,non,non,non,non,pis,non,non,non,non,non,non,non,non,non,non,non,
197.5,198,0.5,1435.63,1435.63,Birba,DL,DL,vf,bo,Bil,Supr,,,,SB1,,,,t,r,t,non,il,non,non,non,non,non,il,non,non,non,non,non,non,non,non,non,non,
198,198.3,0.3,1435.93,1435.93,Birba,DL,DL,m,p,Pis,Supr,,,,SB1,,,,r,r,t,non,non,non,non,non,non,pis,non,non,non,non,non,non,non,non,non,non,non,
198.3,198.8,0.5,1436.43,1436.43,Birba,DL,DL,vf,bo,Bil,Supr,,,,SB1,,,,t,r,t,non,il,non,non,non,non,non,il,non,non,non,non,non,non,non,non,non,non,
198.8,199.2,0.4,1436.83,1436.83,Birba,DL,DL,m,p,Pis,Supr,,,,SB1,,,,r,r,t,non,non,non,non,non,non,pis,non,non,non,non,non,non,non,non,non,non,non,
199.2,200,0.8,1437.63,1437.63,Birba,DL,DL,vf,bo,Bil,Supr,,,,SB1,,,,t,r,t,non,il,non,non,non,non,non,il,non,non,non,non,non,non,non,non,non,non,
200,200.5,0.5,1438.13,1438.13,Birba,DL,DL,m,p,Pis,Supr,,,,SB1,,,,r,r,t,non,non,non,non,non,non,pis,non,non,non,non,non,non,non,non,non,non,non,