Batch,20171216 clumped Oman KDB_4,Collected on,12/26/2017 15:14,Analysis Instrument,PS019,Acquisition Software,,Stable 1.69.5,Reanalyzed  on,12/26/2017 16:13,Reanalysis Instrument,PS019,Reanalysis Software,Stable 1.69.5,,,,,,,,,,,,,,,,,,,,,,,,,,,,,,,,,,,,,,,,,,,,,,,,,,,,,,,,
,,,,,,,,,,,,,,,,,,,,,,,,,,,,,,,,,,,,,,,,,,,,,,,,,,,,,,,,,,,,,,,,,,,,,,
Data,Batch,Data,Sample,Method,Analysis,Batch,Time,Sample,Vial,Initial,Sample,ColdFinger,Transducer,InletPiraniPressure,Sample,MaxPumpOverPressure,RawPumpOverPressure,Sample,Min,Max,Pre-balance,Pre-depleted,Final,Final,Depletion,Balance,Balance,RefBellowsPos,SamBellowsPos,Pirani,Current,Zero,Zero,Zero,Zero,Zero,Zero,Zero,Zero,Sam,Ref,Ave,Ref Major,Sam Major,Sample,Sample,Sample,Sample,Sample,Ref,Ref,Ref,Ref,Ref,Raw,Raw,Raw,Raw,Raw,Delta(13),Std,Rejected,Num,Delta(18),Std,Rejected,Num,DELTA,DELTA,DELTA
Dir   ,Name   ,File   ,Name   ,  ,  ,Started   ,Collected   ,Weight   ,Location   ,Sam Beam   ,Yield   ,Status   ,Pressure   ,  ,Chops   ,  ,  ,Operations   ,Ref Beam   ,Ref Beam   ,Sam Beam   ,Ref Beam   ,Sam Beam   ,Ref Beam   ,Factor  ,End   ,%  ,  ,  ,Pressure   ,Mass   ,Length    ,Offset   ,Beams (0) ,Beams (1) ,Beams (2) ,Beams (3) ,Beams (4) ,Beams (5) ,Depletion   ,Depletion   ,Temperature   ,Signal(44),Signal(44),Ratio(45/44),Ratio(46/44),Ratio(47/44),Ratio(48/44),Ratio(49/44),Ratio(45/44),Ratio(46/44),Ratio(47/44),Ratio(48/44),Ratio(49/44),Delta(45/44),Delta(46/44),Delta(47/44),Delta(48/44),Delta(49/44),wrt PDB,Err,,,wrt PDB,Err,,,47,48,49
,,,,,,,,,,,,,,,,,,,,,,,,,,,,,,,,,,,,,,,,,,,,,,,,,,,,,,,,,,,,,,,,,,,,,,
C:\Nu Stable\Results\2017\20171216 clumped Oman KDB_4,20171216 clumped Oman KDB_4,Data_3689 MDE 293.4.txt,MDE 293.4,C:\Nu Stable\Analyses\DI\CO2 20-6-20 clumped NuCarb.rdf,Clumped CO2 Iterative,12/26/2017 15:14,12/26/2017 15:14,431,24,3.88E-08,9.01E-11,CF,8.606,1.00E-03,0,1.00E-03,6304, InitialisePrepSampleRun; CheckIfCFRequired; UseCF; SampleTrapped; BalanceRefToSamValue; SampleReady; (BeamTooBig_RunningMisBalanced) ;,3.79E-08,1.07E-07,3.73E-08,2.81E-09,2.81E-09,2.80E-09,0.96,12/26/2017 15:13,-7.1,8398,8446,1.00E-03,45.814,20,0,-1.06E-13,-5.26E-14,-5.80E-14,-2.68E-14,1.09E-13,3.67E-12,27,29,70.48,2.17E-08,1.99E-08,1.19E-02,4.22E-03,4.88E-05,4.70E-06,6.66E-08,1.20E-02,4.19E-03,4.86E-05,4.62E-06,6.27E-08,-4.0179,8.6128,4.1849,17.3846,70.1124,-7.8965,0.017,0,60,-7.1932,0.024,0,60,-0.116,0.0833,56.7267
C:\Nu Stable\Results\2017\20171216 clumped Oman KDB_4,20171216 clumped Oman KDB_4,Data_3690 ETH1.txt,ETH1,C:\Nu Stable\Analyses\DI\CO2 20-6-20 clumped NuCarb.rdf,Clumped CO2 Iterative,12/26/2017 15:14,12/26/2017 16:35,468,25,4.55E-08,9.72E-11,CF,9.888,1.00E-03,0,1.00E-03,6336, InitialisePrepSampleRun; CheckIfCFRequired; UseCF; SampleTrapped; BalanceRefToSamValue; DepletingBalance; SampleReady;,3.91E-08,1.07E-07,4.37E-08,4.23E-08,4.22E-08,4.22E-08,0.96,12/26/2017 16:35,-0.01,7916,8446,1.00E-03,45.814,20,0,-1.06E-13,-5.26E-14,-5.80E-14,-2.53E-14,1.13E-13,4.14E-12,27,29,70.99,2.31E-08,2.28E-08,1.20E-02,4.24E-03,4.94E-05,4.73E-06,6.84E-08,1.20E-02,4.19E-03,4.86E-05,4.61E-06,6.45E-08,5.4788,12.359,17.8931,24.8442,60.6197,2.0745,0.008,0,60,-3.5225,0.011,0,60,0.0153,-0.0259,29.3011
C:\Nu Stable\Results\2017\20171216 clumped Oman KDB_4,20171216 clumped Oman KDB_4,Data_3691 ETH2.txt,ETH2,C:\Nu Stable\Analyses\DI\CO2 20-6-20 clumped NuCarb.rdf,Clumped CO2 Iterative,12/26/2017 15:14,12/26/2017 17:57,488,26,5.11E-08,1.05E-10,CF,10.742,1.00E-03,0,1.00E-03,6336, InitialisePrepSampleRun; CheckIfCFRequired; UseCF; SampleTrapped; BalanceRefToSamValue; DepletingBalance; SampleReady;,3.89E-08,1.07E-07,4.90E-08,4.72E-08,4.72E-08,4.72E-08,0.96,12/26/2017 17:56,-0.03,7249,8446,1.00E-03,45.795,20,0,-1.06E-13,-5.24E-14,-5.81E-14,-2.43E-14,1.15E-13,4.30E-12,28,30,70.99,2.54E-08,2.50E-08,1.18E-02,4.14E-03,4.77E-05,4.54E-06,6.51E-08,1.19E-02,4.16E-03,4.82E-05,4.59E-06,6.34E-08,-6.2257,-4.8073,-11.4698,-9.3212,29.6328,-9.7819,0.002,0,60,-20.4122,0.004,0,60,-0.3567,0.2729,46.3662
C:\Nu Stable\Results\2017\20171216 clumped Oman KDB_4,20171216 clumped Oman KDB_4,Data_3692 ETH3.txt,ETH3,C:\Nu Stable\Analyses\DI\CO2 20-6-20 clumped NuCarb.rdf,Clumped CO2 Iterative,12/26/2017 15:14,12/26/2017 19:19,436,27,4.31E-08,9.88E-11,CF,9.521,1.00E-03,0,1.00E-03,6336, InitialisePrepSampleRun; CheckIfCFRequired; UseCF; SampleTrapped; BalanceRefToSamValue; DepletingBalance; SampleReady;,3.86E-08,1.07E-07,4.13E-08,3.97E-08,3.97E-08,3.97E-08,0.96,12/26/2017 19:18,-0.05,8200,8446,1.00E-03,45.795,20,0,-1.06E-13,-5.26E-14,-5.81E-14,-2.45E-14,1.14E-13,4.28E-12,27,29,70.99,2.19E-08,2.17E-08,1.20E-02,4.21E-03,4.91E-05,4.69E-06,7.03E-08,1.19E-02,4.16E-03,4.82E-05,4.58E-06,6.56E-08,5.468,12.3482,17.9255,24.8306,71.1612,2.0635,0.002,0,60,-3.5331,0.002,0,60,0.0686,-0.0179,39.5652
C:\Nu Stable\Results\2017\20171216 clumped Oman KDB_4,20171216 clumped Oman KDB_4,Data_3693 ETH4.txt,ETH4,C:\Nu Stable\Analyses\DI\CO2 20-6-20 clumped NuCarb.rdf,Clumped CO2 Iterative,12/26/2017 15:14,12/26/2017 20:40,489,28,5.11E-08,1.04E-10,CF,11.108,1.00E-03,0,1.00E-03,6336, InitialisePrepSampleRun; CheckIfCFRequired; UseCF; SampleTrapped; BalanceRefToSamValue; DepletingBalance; SampleReady;,3.81E-08,1.07E-07,4.90E-08,4.73E-08,4.73E-08,4.73E-08,0.96,12/26/2017 20:40,-0.05,7155,8446,1.00E-03,45.793,20,0,-1.06E-13,-5.26E-14,-5.81E-14,-2.40E-14,1.16E-13,4.38E-12,28,30,71.26,2.53E-08,2.49E-08,1.18E-02,4.14E-03,4.77E-05,4.53E-06,6.61E-08,1.19E-02,4.16E-03,4.82E-05,4.57E-06,6.39E-08,-6.2728,-4.8945,-11.3734,-9.3032,34.9396,-9.8289,0.002,0,60,-20.498,0.004,0,60,-0.124,0.4663,51.9941
C:\Nu Stable\Results\2017\20171216 clumped Oman KDB_4,20171216 clumped Oman KDB_4,Data_3694 MDE 292.5.txt,MDE 292.5,C:\Nu Stable\Analyses\DI\CO2 20-6-20 clumped NuCarb.rdf,Clumped CO2 Iterative,12/26/2017 15:14,12/26/2017 22:00,483,29,4.05E-08,8.38E-11,CF,9.46,1.00E-03,0,1.00E-03,6368, InitialisePrepSampleRun; CheckIfCFRequired; UseCF; SampleTrapped; BalanceRefToSamValue; DepletingBalance; SampleReady;,3.77E-08,1.07E-07,3.89E-08,3.94E-08,3.94E-08,3.95E-08,0.96,12/26/2017 21:59,-0.1,8105,8446,1.00E-03,45.793,20,0,-1.06E-13,-5.28E-14,-5.81E-14,-2.42E-14,1.16E-13,4.29E-12,27,29,71.26,2.18E-08,2.16E-08,1.19E-02,4.20E-03,4.86E-05,4.66E-06,6.43E-08,1.19E-02,4.16E-03,4.82E-05,4.58E-06,6.04E-08,-1.396,8.4953,6.8836,17.142,67.1769,-5.1041,0.001,0,60,-7.3147,0.002,0,60,-0.0269,0.0774,51.1227
C:\Nu Stable\Results\2017\20171216 clumped Oman KDB_4,20171216 clumped Oman KDB_4,Data_3695 MDE 293.4.txt,MDE 293.4,C:\Nu Stable\Analyses\DI\CO2 20-6-20 clumped NuCarb.rdf,Clumped CO2 Iterative,12/26/2017 15:14,12/26/2017 23:20,427,30,3.93E-08,9.21E-11,CF,9.186,1.00E-03,0,1.00E-03,6304, InitialisePrepSampleRun; CheckIfCFRequired; UseCF; SampleTrapped; BalanceRefToSamValue; DepletingBalance; SampleReady;,3.72E-08,1.07E-07,3.77E-08,3.83E-08,3.80E-08,3.82E-08,0.96,12/26/2017 23:19,-0.45,8217,8446,1.00E-03,45.795,20,0,-1.06E-13,-5.29E-14,-5.81E-14,-2.45E-14,1.14E-13,4.24E-12,27,29,71.26,2.10E-08,2.08E-08,1.19E-02,4.20E-03,4.84E-05,4.65E-06,6.98E-08,1.19E-02,4.16E-03,4.82E-05,4.57E-06,6.66E-08,-4.2042,8.3183,3.7598,16.7723,48.9704,-8.0845,0.002,0,60,-7.483,0.002,0,60,-0.0593,0.0654,36.6465
C:\Nu Stable\Results\2017\20171216 clumped Oman KDB_4,20171216 clumped Oman KDB_4,Data_3696 KDW2 131.8A.txt,KDW2 131.8A,C:\Nu Stable\Analyses\DI\CO2 20-6-20 clumped NuCarb.rdf,Clumped CO2 Iterative,12/26/2017 15:14,12/27/2017 0:39,438,31,4.10E-08,9.36E-11,CF,9.766,1.00E-03,0,1.00E-03,6368, InitialisePrepSampleRun; CheckIfCFRequired; UseCF; SampleTrapped; BalanceRefToSamValue; DepletingBalance; SampleReady;,3.69E-08,1.07E-07,3.93E-08,3.99E-08,3.99E-08,3.99E-08,0.96,12/27/2017 0:39,-0.11,7914,8444,1.00E-03,45.795,20,0,-1.06E-13,-5.29E-14,-5.81E-14,-2.43E-14,1.15E-13,4.25E-12,27,29,71.26,2.20E-08,2.18E-08,1.19E-02,4.20E-03,4.88E-05,4.66E-06,6.70E-08,1.19E-02,4.16E-03,4.82E-05,4.57E-06,6.37E-08,2.5735,9.5404,12.0271,19.1238,53.9535,-0.9185,0.001,0,60,-6.2935,0.002,0,60,-0.0381,-0.0462,31.6264
C:\Nu Stable\Results\2017\20171216 clumped Oman KDB_4,20171216 clumped Oman KDB_4,Data_3697 KDW2 59.0.txt,KDW2 59.0,C:\Nu Stable\Analyses\DI\CO2 20-6-20 clumped NuCarb.rdf,Clumped CO2 Iterative,12/26/2017 15:14,12/27/2017 1:59,436,32,3.98E-08,9.14E-11,CF,9.521,1.00E-03,0,1.00E-03,6304, InitialisePrepSampleRun; CheckIfCFRequired; UseCF; SampleTrapped; BalanceRefToSamValue; DepletingBalance; SampleReady;,3.65E-08,1.07E-07,3.82E-08,3.88E-08,3.88E-08,3.88E-08,0.96,12/27/2017 1:58,-0.13,8014,8446,1.00E-03,45.797,20,0,-1.06E-13,-5.30E-14,-5.80E-14,-2.42E-14,1.15E-13,4.28E-12,27,29,71.26,2.14E-08,2.13E-08,1.20E-02,4.21E-03,4.91E-05,4.68E-06,6.76E-08,1.19E-02,4.16E-03,4.82E-05,4.58E-06,6.30E-08,7.0851,11.2353,18.4424,22.5077,74.9166,3.8213,0.001,1,60,-4.6333,0.002,1,60,-0.0058,-0.0299,43.7657
C:\Nu Stable\Results\2017\20171216 clumped Oman KDB_4,20171216 clumped Oman KDB_4,Data_3698 KDW2 64.8.txt,KDW2 64.8,C:\Nu Stable\Analyses\DI\CO2 20-6-20 clumped NuCarb.rdf,Clumped CO2 Iterative,12/26/2017 15:14,12/27/2017 3:20,528,33,3.73E-08,7.06E-11,CF,8.545,1.00E-03,0,1.00E-03,6336, InitialisePrepSampleRun; CheckIfCFRequired; UseCF; SampleTrapped; BalanceRefToSamValue; DepletingBalance; SampleReady;,3.61E-08,1.07E-07,3.58E-08,3.63E-08,3.51E-08,3.62E-08,0.96,12/27/2017 3:19,-3.05,8364,8444,1.00E-03,45.797,20,0,-1.06E-13,-5.32E-14,-5.80E-14,-2.47E-14,1.14E-13,4.24E-12,27,29,71.26,2.01E-08,1.95E-08,1.20E-02,4.22E-03,4.92E-05,4.70E-06,7.57E-08,1.19E-02,4.16E-03,4.82E-05,4.58E-06,7.04E-08,6.0864,13.1545,19.3175,26.5743,75.7229,2.6934,0.003,0,60,-2.74,0.004,0,60,0.0181,0.0899,41.6764
C:\Nu Stable\Results\2017\20171216 clumped Oman KDB_4,20171216 clumped Oman KDB_4,Data_3699 ETH3.txt,ETH3,C:\Nu Stable\Analyses\DI\CO2 20-6-20 clumped NuCarb.rdf,Clumped CO2 Iterative,12/26/2017 15:14,12/27/2017 4:42,446,34,4.16E-08,9.32E-11,CF,9.552,1.00E-03,0,1.00E-03,6336, InitialisePrepSampleRun; CheckIfCFRequired; UseCF; SampleTrapped; BalanceRefToSamValue; DepletingBalance; SampleReady;,3.57E-08,1.07E-07,3.99E-08,3.87E-08,3.86E-08,3.86E-08,0.96,12/27/2017 4:41,-0.05,7912,8444,1.00E-03,45.795,20,0,-1.06E-13,-5.32E-14,-5.80E-14,-2.46E-14,1.15E-13,4.20E-12,27,29,71.26,2.12E-08,2.11E-08,1.20E-02,4.21E-03,4.91E-05,4.69E-06,6.64E-08,1.19E-02,4.16E-03,4.82E-05,4.58E-06,6.29E-08,5.4979,12.3929,17.936,24.8804,56.217,2.0937,0.002,0,60,-3.4892,0.002,0,60,0.005,-0.0575,24.9397
C:\Nu Stable\Results\2017\20171216 clumped Oman KDB_4,20171216 clumped Oman KDB_4,Data_3700 ETH2.txt,ETH2,C:\Nu Stable\Analyses\DI\CO2 20-6-20 clumped NuCarb.rdf,Clumped CO2 Iterative,12/26/2017 15:14,12/27/2017 6:03,440,35,4.49E-08,1.02E-10,CF,9.949,1.00E-03,0,1.00E-03,6336, InitialisePrepSampleRun; CheckIfCFRequired; UseCF; SampleTrapped; BalanceRefToSamValue; DepletingBalance; SampleReady;,3.53E-08,1.07E-07,4.31E-08,4.16E-08,4.16E-08,4.16E-08,0.96,12/27/2017 6:03,-0.07,7418,8450,1.00E-03,45.795,20,0,-1.06E-13,-5.32E-14,-5.80E-14,-2.43E-14,1.15E-13,4.36E-12,27,29,71.26,2.28E-08,2.25E-08,1.18E-02,4.14E-03,4.77E-05,4.53E-06,6.57E-08,1.19E-02,4.16E-03,4.82E-05,4.58E-06,6.46E-08,-6.2229,-4.8059,-11.5457,-9.6194,18.0058,-9.779,0.002,0,60,-20.4109,0.004,0,60,-0.4377,-0.031,34.5448
C:\Nu Stable\Results\2017\20171216 clumped Oman KDB_4,20171216 clumped Oman KDB_4,Data_3701 ETH1.txt,ETH1,C:\Nu Stable\Analyses\DI\CO2 20-6-20 clumped NuCarb.rdf,Clumped CO2 Iterative,12/26/2017 15:14,12/27/2017 7:25,443,36,4.81E-08,1.09E-10,CF,10.254,1.00E-03,0,1.00E-03,6336, InitialisePrepSampleRun; CheckIfCFRequired; UseCF; SampleTrapped; BalanceRefToSamValue; DepletingBalance; SampleReady;,3.50E-08,1.07E-07,4.61E-08,4.45E-08,4.45E-08,4.45E-08,0.96,12/27/2017 7:24,-0.11,6994,8450,1.00E-03,45.797,20,0,-1.06E-13,-5.32E-14,-5.79E-14,-2.39E-14,1.15E-13,4.40E-12,28,30,71.26,2.39E-08,2.36E-08,1.20E-02,4.21E-03,4.91E-05,4.69E-06,6.92E-08,1.19E-02,4.16E-03,4.82E-05,4.58E-06,6.64E-08,5.6701,11.9073,17.1841,23.6512,44.2595,2.2935,0.002,0,60,-3.9681,0.002,0,60,-0.4381,-0.2979,14.1092
C:\Nu Stable\Results\2017\20171216 clumped Oman KDB_4,20171216 clumped Oman KDB_4,Data_3702 KDW2 131.8A.txt,KDW2 131.8A,C:\Nu Stable\Analyses\DI\CO2 20-6-20 clumped NuCarb.rdf,Clumped CO2 Iterative,12/26/2017 15:14,12/27/2017 8:44,467,37,4.68E-08,1.00E-10,CF,10.437,1.00E-03,0,1.00E-03,6336, InitialisePrepSampleRun; CheckIfCFRequired; UseCF; SampleTrapped; BalanceRefToSamValue; DepletingBalance; SampleReady;,3.45E-08,1.07E-07,4.49E-08,4.57E-08,4.57E-08,4.57E-08,0.96,12/27/2017 8:43,-0.06,6780,8449,1.00E-03,45.797,20,0,-1.05E-13,-5.31E-14,-5.79E-14,-2.35E-14,1.15E-13,4.43E-12,28,30,71.26,2.47E-08,2.45E-08,1.19E-02,4.20E-03,4.88E-05,4.66E-06,6.54E-08,1.19E-02,4.16E-03,4.82E-05,4.58E-06,6.28E-08,2.5942,9.5879,11.9995,19.3064,43.835,-0.8981,0.001,0,60,-6.2468,0.002,0,60,-0.1334,0.038,21.6046
C:\Nu Stable\Results\2017\20171216 clumped Oman KDB_4,20171216 clumped Oman KDB_4,Data_3703 KDW2 59.0.txt,KDW2 59.0,C:\Nu Stable\Analyses\DI\CO2 20-6-20 clumped NuCarb.rdf,Clumped CO2 Iterative,12/26/2017 15:14,12/27/2017 10:04,490,38,4.94E-08,1.01E-10,CF,11.261,1.00E-03,0,1.00E-03,6304, InitialisePrepSampleRun; CheckIfCFRequired; UseCF; SampleTrapped; BalanceRefToSamValue; DepletingBalance; SampleReady;,3.40E-08,1.08E-07,4.74E-08,4.81E-08,4.77E-08,4.79E-08,0.96,12/27/2017 10:03,-0.43,6472,8449,1.00E-03,45.799,20,0,-1.05E-13,-5.32E-14,-5.78E-14,-2.34E-14,1.16E-13,4.50E-12,28,30,71.49,2.56E-08,2.52E-08,1.20E-02,4.21E-03,4.91E-05,4.68E-06,6.19E-08,1.19E-02,4.16E-03,4.82E-05,4.57E-06,5.97E-08,7.0807,11.2258,18.2848,22.5421,37.4116,3.817,0.007,0,60,-4.6426,0.01,0,60,-0.1375,-0.0348,7.2935
C:\Nu Stable\Results\2017\20171216 clumped Oman KDB_4,20171216 clumped Oman KDB_4,Data_3704 ETH4.txt,ETH4,C:\Nu Stable\Analyses\DI\CO2 20-6-20 clumped NuCarb.rdf,Clumped CO2 Iterative,12/26/2017 15:14,12/27/2017 11:25,449,39,4.54E-08,1.01E-10,CF,10.345,1.00E-03,0,1.00E-03,6304, InitialisePrepSampleRun; CheckIfCFRequired; UseCF; SampleTrapped; BalanceRefToSamValue; DepletingBalance; SampleReady;,3.36E-08,1.07E-07,4.36E-08,4.21E-08,4.20E-08,4.21E-08,0.96,12/27/2017 11:24,-0.11,7078,8449,1.00E-03,45.799,20,0,-1.05E-13,-5.32E-14,-5.78E-14,-2.39E-14,1.16E-13,4.32E-12,27,29,71.49,2.30E-08,2.27E-08,1.18E-02,4.14E-03,4.77E-05,4.53E-06,5.91E-08,1.19E-02,4.16E-03,4.82E-05,4.57E-06,5.88E-08,-6.2947,-4.9501,-11.5175,-9.7539,6.088,-9.8503,0.002,0,60,-20.5527,0.004,0,60,-0.1922,0.123,22.8039
C:\Nu Stable\Results\2017\20171216 clumped Oman KDB_4,20171216 clumped Oman KDB_4,Data_3705 KDW2 64.8.txt,KDW2 64.8,C:\Nu Stable\Analyses\DI\CO2 20-6-20 clumped NuCarb.rdf,Clumped CO2 Iterative,12/26/2017 15:14,12/27/2017 12:46,530,40,2.88E-08,5.44E-11,CF,6.836,1.00E-03,0,1.00E-03,6336, InitialisePrepSampleRun; CheckIfCFRequired; UseCF; SampleTrapped; BalanceRefToSamValue; SampleReady; (BeamTooBig_RunningMisBalanced) ;,3.32E-08,1.07E-07,2.77E-08,4.81E-08,4.77E-08,4.79E-08,0.96,12/27/2017 12:45,-16.05,8397,8447,1.00E-03,45.804,20,0,-1.06E-13,-5.34E-14,-5.80E-14,-2.45E-14,1.13E-13,4.16E-12,26,29,71.49,1.87E-08,1.59E-08,1.20E-02,4.22E-03,4.92E-05,4.70E-06,6.79E-08,1.19E-02,4.16E-03,4.82E-05,4.57E-06,6.34E-08,6.1437,13.2092,19.4173,26.8854,70.6001,2.7525,0.009,0,60,-2.6862,0.018,0,60,0.0042,0.285,36.5406
C:\Nu Stable\Results\2017\20171216 clumped Oman KDB_4,20171216 clumped Oman KDB_4,Data_3706 KDW2 59.0.txt,KDW2 59.0,C:\Nu Stable\Analyses\DI\CO2 20-6-20 clumped NuCarb.rdf,Clumped CO2 Iterative,12/26/2017 15:14,12/27/2017 14:05,509,41,5.23E-08,1.03E-10,CF,11.23,1.00E-03,0,1.00E-03,6336, InitialisePrepSampleRun; CheckIfCFRequired; UseCF; SampleTrapped; BalanceRefToSamValue; DepletingBalance; SampleReady;,3.28E-08,1.07E-07,5.02E-08,5.08E-08,5.08E-08,5.08E-08,0.96,12/27/2017 14:04,-0.04,6057,8447,1.00E-03,45.804,20,0,-1.06E-13,-5.34E-14,-5.79E-14,-2.41E-14,1.15E-13,4.30E-12,28,30,71.49,2.70E-08,2.66E-08,1.20E-02,4.21E-03,4.91E-05,4.67E-06,6.65E-08,1.19E-02,4.16E-03,4.82E-05,4.57E-06,6.32E-08,7.1064,11.2705,18.3651,22.5739,53.1517,3.8428,0.002,0,60,-4.5986,0.003,0,60,-0.1284,-0.092,22.4603
C:\Nu Stable\Results\2017\20171216 clumped Oman KDB_4,20171216 clumped Oman KDB_4,Data_3707 MDE 293.4.txt,MDE 293.4,C:\Nu Stable\Analyses\DI\CO2 20-6-20 clumped NuCarb.rdf,Clumped CO2 Iterative,12/26/2017 15:14,12/27/2017 15:26,461,42,4.41E-08,9.57E-11,CF,9.521,1.00E-03,0,1.00E-03,6336, InitialisePrepSampleRun; CheckIfCFRequired; UseCF; SampleTrapped; BalanceRefToSamValue; DepletingBalance; SampleReady;,3.24E-08,1.07E-07,4.23E-08,4.09E-08,4.09E-08,4.09E-08,0.96,12/27/2017 15:26,-0.08,7036,8447,1.00E-03,45.802,20,0,-1.06E-13,-5.34E-14,-5.80E-14,-2.39E-14,1.15E-13,4.30E-12,29,29,71.49,2.23E-08,2.21E-08,1.19E-02,4.20E-03,4.84E-05,4.65E-06,6.44E-08,1.19E-02,4.16E-03,4.82E-05,4.58E-06,6.22E-08,-4.1932,8.3352,3.6961,16.7878,35.3495,-8.0733,0.002,1,60,-7.4664,0.002,1,60,-0.1488,0.0527,23.2745
C:\Nu Stable\Results\2017\20171216 clumped Oman KDB_4,20171216 clumped Oman KDB_4,Data_3708 MDE 292.5.txt,MDE 292.5,C:\Nu Stable\Analyses\DI\CO2 20-6-20 clumped NuCarb.rdf,Clumped CO2 Iterative,12/26/2017 15:14,12/27/2017 16:46,483,43,4.02E-08,8.33E-11,CF,8.636,1.00E-03,0,1.00E-03,6336, InitialisePrepSampleRun; CheckIfCFRequired; UseCF; SampleTrapped; BalanceRefToSamValue; DepletingBalance; SampleReady;,3.21E-08,1.07E-07,3.86E-08,3.94E-08,3.91E-08,3.92E-08,0.96,12/27/2017 16:45,-0.35,7187,8443,1.00E-03,45.802,20,0,-1.06E-13,-5.34E-14,-5.80E-14,-2.40E-14,1.15E-13,4.27E-12,27,29,71.49,2.16E-08,2.14E-08,1.19E-02,4.20E-03,4.86E-05,4.65E-06,6.07E-08,1.19E-02,4.16E-03,4.82E-05,4.57E-06,5.85E-08,-1.388,8.5262,6.8333,17.1325,37.3918,-5.0966,0.002,0,60,-7.2843,0.002,0,60,-0.1151,0.0073,21.7153
C:\Nu Stable\Results\2017\20171216 clumped Oman KDB_4,20171216 clumped Oman KDB_4,Data_3709 KDW2 131.8A.txt,KDW2 131.8A,C:\Nu Stable\Analyses\DI\CO2 20-6-20 clumped NuCarb.rdf,Clumped CO2 Iterative,12/26/2017 15:14,12/27/2017 18:05,504,44,5.06E-08,1.00E-10,CF,11.383,1.00E-03,0,1.00E-03,6304, InitialisePrepSampleRun; CheckIfCFRequired; UseCF; SampleTrapped; BalanceRefToSamValue; DepletingBalance; SampleReady;,3.17E-08,1.07E-07,4.86E-08,4.93E-08,4.92E-08,4.92E-08,0.96,12/27/2017 18:04,-0.05,6041,8449,1.00E-03,45.799,20,0,-1.06E-13,-5.34E-14,-5.80E-14,-2.37E-14,1.16E-13,4.43E-12,28,30,71.49,2.61E-08,2.59E-08,1.19E-02,4.20E-03,4.88E-05,4.66E-06,6.03E-08,1.19E-02,4.16E-03,4.82E-05,4.57E-06,5.77E-08,2.5969,9.5278,11.9132,19.1151,46.6857,-0.8931,0.002,0,60,-6.306,0.002,0,60,-0.1629,-0.0306,24.5117
C:\Nu Stable\Results\2017\20171216 clumped Oman KDB_4,20171216 clumped Oman KDB_4,Data_3710 ETH1.txt,ETH1,C:\Nu Stable\Analyses\DI\CO2 20-6-20 clumped NuCarb.rdf,Clumped CO2 Iterative,12/26/2017 15:14,12/27/2017 19:24,491,45,5.60E-08,1.14E-10,CF,12.054,1.00E-03,0,1.00E-03,6336, InitialisePrepSampleRun; CheckIfCFRequired; UseCF; SampleTrapped; BalanceRefToSamValue; DepletingBalance; SampleReady;,3.13E-08,1.07E-07,5.37E-08,5.43E-08,5.43E-08,5.43E-08,0.96,12/27/2017 19:23,0.02,5561,8449,1.00E-03,45.799,20,0,-1.06E-13,-5.34E-14,-5.80E-14,-2.37E-14,1.16E-13,4.54E-12,29,30,71.49,2.86E-08,2.81E-08,1.20E-02,4.21E-03,4.90E-05,4.68E-06,6.60E-08,1.19E-02,4.16E-03,4.82E-05,4.57E-06,6.41E-08,5.7569,11.8789,17.1735,23.6431,30.4435,2.3868,0.002,0,60,-3.9962,0.003,0,60,-0.5098,-0.2498,0.6558
C:\Nu Stable\Results\2017\20171216 clumped Oman KDB_4,20171216 clumped Oman KDB_4,Data_3711 ETH3.txt,ETH3,C:\Nu Stable\Analyses\DI\CO2 20-6-20 clumped NuCarb.rdf,Clumped CO2 Iterative,12/26/2017 15:14,12/27/2017 20:46,449,46,3.79E-08,8.45E-11,CF,8.606,1.00E-03,0,1.00E-03,6304, InitialisePrepSampleRun; CheckIfCFRequired; UseCF; SampleTrapped; BalanceRefToSamValue; DepletingBalance; SampleReady;,3.08E-08,1.07E-07,3.64E-08,3.53E-08,3.53E-08,3.53E-08,0.96,12/27/2017 20:45,-0.16,7574,8447,1.00E-03,45.801,20,0,-1.06E-13,-5.36E-14,-5.80E-14,-2.44E-14,1.15E-13,4.25E-12,27,29,71.49,1.96E-08,1.95E-08,1.20E-02,4.21E-03,4.91E-05,4.69E-06,6.25E-08,1.19E-02,4.16E-03,4.82E-05,4.58E-06,6.02E-08,5.4757,12.3751,17.8694,24.9642,39.4867,2.0707,0.002,0,60,-3.5067,0.002,0,60,-0.02,0.0595,8.7645
C:\Nu Stable\Results\2017\20171216 clumped Oman KDB_4,20171216 clumped Oman KDB_4,Data_3712 ETH2.txt,ETH2,C:\Nu Stable\Analyses\DI\CO2 20-6-20 clumped NuCarb.rdf,Clumped CO2 Iterative,12/26/2017 15:14,12/27/2017 22:05,430,47,4.38E-08,1.02E-10,CF,9.643,1.00E-03,0,1.00E-03,6336, InitialisePrepSampleRun; CheckIfCFRequired; UseCF; SampleTrapped; BalanceRefToSamValue; DepletingBalance; SampleReady;,3.05E-08,1.07E-07,4.20E-08,4.28E-08,4.27E-08,4.28E-08,0.96,12/27/2017 22:04,-0.02,6507,8446,1.00E-03,45.801,20,0,-1.06E-13,-5.35E-14,-5.80E-14,-2.44E-14,1.15E-13,4.27E-12,28,30,70.93,2.33E-08,2.32E-08,1.18E-02,4.14E-03,4.77E-05,4.53E-06,5.84E-08,1.19E-02,4.16E-03,4.82E-05,4.57E-06,5.77E-08,-6.214,-4.771,-11.4642,-9.3965,13.0248,-9.7707,0.001,0,60,-20.3765,0.003,0,60,-0.399,0.1239,29.4028
C:\Nu Stable\Results\2017\20171216 clumped Oman KDB_4,20171216 clumped Oman KDB_4,Data_3713 ETH4.txt,ETH4,C:\Nu Stable\Analyses\DI\CO2 20-6-20 clumped NuCarb.rdf,Clumped CO2 Iterative,12/26/2017 15:14,12/27/2017 23:26,425,48,4.14E-08,9.74E-11,CF,9.766,1.00E-03,0,1.00E-03,6304, InitialisePrepSampleRun; CheckIfCFRequired; UseCF; SampleTrapped; BalanceRefToSamValue; DepletingBalance; SampleReady;,3.01E-08,1.07E-07,3.97E-08,3.84E-08,3.84E-08,3.84E-08,0.96,12/27/2017 23:26,-0.08,6985,8444,1.00E-03,45.799,20,0,-1.06E-13,-5.36E-14,-5.80E-14,-2.45E-14,1.15E-13,4.18E-12,27,29,70.76,2.11E-08,2.09E-08,1.18E-02,4.14E-03,4.77E-05,4.53E-06,6.17E-08,1.19E-02,4.16E-03,4.82E-05,4.57E-06,6.03E-08,-6.2876,-4.8651,-11.3158,-9.4499,24.8973,-9.8457,0.002,0,60,-20.469,0.003,0,60,-0.0796,0.2592,41.7415
C:\Nu Stable\Results\2017\20171216 clumped Oman KDB_4,20171216 clumped Oman KDB_4,Data_3714 ETH4.txt,ETH4,C:\Nu Stable\Analyses\DI\CO2 20-6-20 clumped NuCarb.rdf,Clumped CO2 Iterative,12/26/2017 15:14,12/28/2017 0:46,493,49,5.32E-08,1.08E-10,CF,11.688,1.00E-03,0,1.00E-03,6336, InitialisePrepSampleRun; CheckIfCFRequired; UseCF; SampleTrapped; BalanceRefToSamValue; DepletingBalance; SampleReady;,2.97E-08,1.07E-07,5.11E-08,5.17E-08,5.16E-08,5.16E-08,0.96,12/28/2017 0:45,-0.03,5557,8446,1.00E-03,45.799,20,0,-1.06E-13,-5.36E-14,-5.81E-14,-2.40E-14,1.17E-13,4.32E-12,28,30,70.25,2.74E-08,2.70E-08,1.18E-02,4.14E-03,4.76E-05,4.53E-06,6.05E-08,1.19E-02,4.16E-03,4.82E-05,4.57E-06,5.97E-08,-6.2894,-4.8662,-11.4287,-9.452,13.2289,-9.8476,0.002,0,60,-20.4701,0.004,0,60,-0.1908,0.2592,29.8861
